phoneNumber,label,name,avatar,isSubscribed,count,url
+19315321848,Robocall,,,1,,
+14047819473,Robocall,,,1,,
+12393177803,Robocall,,,1,,
+17273491561,Robocall,,,1,,
+17407611027,Robocall,,,1,,
+14244511975,Robocall,,,1,,
+16033092055,Robocall,,,1,,
+14782172795,Robocall,,,1,,
+17325812990,Robocall,,,1,,
+13513229379,Robocall,,,1,,
+19047561540,Robocall,,,1,,
+19032204012,Robocall,,,1,,
+16308011234,Robocall,,,1,,
+18665503587,Robocall,,,1,,
+18446043630,Robocall,,,1,,
+15028796939,Robocall,,,1,,
+17249206885,Robocall,,,1,,
+18763464332,Robocall,,,1,,
+13023153872,Robocall,,,1,,
+14844086393,Robocall,,,1,,
+18883101056,Robocall,,,1,,
+13603871197,Robocall,,,1,,
+14248575123,Robocall,,,1,,
+15024760075,Robocall,,,1,,
+12142649163,Robocall,,,1,,
+19379552597,Robocall,,,1,,
+16282874155,Robocall,,,1,,
+16232551825,Robocall,,,1,,
+19159004123,Robocall,,,1,,
+19402868404,Robocall,,,1,,
+12343036518,Robocall,,,1,,
+19289255333,Robocall,,,1,,
+14244147983,Robocall,,,1,,
+14353834137,Robocall,,,1,,
+18337590213,Robocall,,,1,,
+13218661469,Robocall,,,1,,
+19798877533,Robocall,,,1,,
+14642000578,Robocall,,,1,,
+13519009049,Robocall,,,1,,
+13303470133,Robocall,,,1,,
+15829999074,Robocall,,,1,,
+19375604976,Robocall,,,1,,
+12606932154,Robocall,,,1,,
+19379552417,Robocall,,,1,,
+15204423355,Robocall,,,1,,
+16282892580,Robocall,,,1,,
+19013416898,Robocall,,,1,,
+12564463994,Robocall,,,1,,
+16146837355,Robocall,,,1,,
+12344326216,Robocall,,,1,,
+16095036424,Robocall,,,1,,
+13852048816,Robocall,,,1,,
+12068472475,Robocall,,,1,,
+18334273340,Robocall,,,1,,
+18774701045,Robocall,,,1,,
+18445023218,Robocall,,,1,,
+18667716477,Robocall,,,1,,
+18555802847,Robocall,,,1,,
+18667714993,Robocall,,,1,,
+18889123745,Robocall,,,1,,
+18335773451,Robocall,,,1,,
+18446905572,Robocall,,,1,,
+18559070445,Robocall,,,1,,
+18335774125,Robocall,,,1,,
+18559077668,Robocall,,,1,,
+18773160734,Robocall,,,1,,
+18335775731,Robocall,,,1,,
+18446905126,Robocall,,,1,,
+18446903448,Robocall,,,1,,
+18446903419,Robocall,,,1,,
+18446906209,Robocall,,,1,,
+18559075998,Robocall,,,1,,
+18773166799,Robocall,,,1,,
+18887514479,Robocall,,,1,,
+18773193150,Robocall,,,1,,
+18883101970,Robocall,,,1,,
+18594239201,Robocall,,,1,,
+14698643536,Robocall,,,1,,
+17179719630,Robocall,,,1,,
+17726430474,Robocall,,,1,,
+16502155637,Robocall,,,1,,
+18883889906,Robocall,,,1,,
+14133316308,Robocall,,,1,,
+13344057814,Robocall,,,1,,
+14699234160,Robocall,,,1,,
+14132823890,Robocall,,,1,,
+18889427285,Robocall,,,1,,
+14137494421,Robocall,,,1,,
+18572566078,Robocall,,,1,,
+14132825796,Robocall,,,1,,
+12085689192,Robocall,,,1,,
+18776131121,Robocall,,,1,,
+14138490497,Robocall,,,1,,
+18776139313,Robocall,,,1,,
+14138638537,Robocall,,,1,,
+14133150620,Robocall,,,1,,
+18557600209,Robocall,,,1,,
+16824699405,Robocall,,,1,,
+14133121813,Robocall,,,1,,
+14133922325,Robocall,,,1,,
+14132334970,Robocall,,,1,,
+18667760506,Robocall,,,1,,
+19099251426,Robocall,,,1,,
+14133449200,Robocall,,,1,,
+14135711379,Robocall,,,1,,
+18776231786,Robocall,,,1,,
+16163086339,Robocall,,,1,,
+14133065908,Robocall,,,1,,
+18667931548,Robocall,,,1,,
+14132962818,Robocall,,,1,,
+15168423583,Robocall,,,1,,
+14132526317,Robocall,,,1,,
+18774981391,Robocall,,,1,,
+15168423384,Robocall,,,1,,
+14132953573,Robocall,,,1,,
+15168423556,Robocall,,,1,,
+18553711062,Robocall,,,1,,
+14135795328,Robocall,,,1,,
+15168423548,Robocall,,,1,,
+18666810187,Robocall,,,1,,
+14138474153,Robocall,,,1,,
+18334273623,Robocall,,,1,,
+18447921220,Robocall,,,1,,
+14132251306,Robocall,,,1,,
+14135354939,Robocall,,,1,,
+14132177779,Robocall,,,1,,
+15732026215,Robocall,,,1,,
+14144327135,Robocall,,,1,,
+12193575921,Robocall,,,1,,
+14132398215,Robocall,,,1,,
+14134260547,Robocall,,,1,,
+14135178455,Robocall,,,1,,
+14134440896,Robocall,,,1,,
+14134446435,Robocall,,,1,,
+14133316217,Robocall,,,1,,
+14134072269,Robocall,,,1,,
+14134238847,Robocall,,,1,,
+14706979910,Robocall,,,1,,
+19378290593,Robocall,,,1,,
+14138627655,Robocall,,,1,,
+17348726175,Robocall,,,1,,
+18579907147,Robocall,,,1,,
+14135325114,Robocall,,,1,,
+14136859863,Robocall,,,1,,
+17247886945,Robocall,,,1,,
+14132860834,Robocall,,,1,,
+14133519648,Robocall,,,1,,
+14132474661,Robocall,,,1,,
+15029479946,Robocall,,,1,,
+14136888042,Robocall,,,1,,
+14137290777,Robocall,,,1,,
+17726345715,Robocall,,,1,,
+19452621355,Robocall,,,1,,
+19802246040,Robocall,,,1,,
+14754051335,Robocall,,,1,,
+17868456209,Robocall,,,1,,
+18335532212,Robocall,,,1,,
+13068968914,Robocall,,,1,,
+18473212018,Robocall,,,1,,
+19455425122,Robocall,,,1,,
+18473938968,Robocall,,,1,,
+17075154032,Robocall,,,1,,
+19803924341,Robocall,,,1,,
+18644487004,Robocall,,,1,,
+15188391456,Robocall,,,1,,
+19848008315,Robocall,,,1,,
+14707222367,Robocall,,,1,,
+13147577791,Robocall,,,1,,
+12233876275,Robocall,,,1,,
+17823463583,Robocall,,,1,,
+14372332959,Robocall,,,1,,
+14012058594,Robocall,,,1,,
+18334273604,Robocall,,,1,,
+18773920027,Robocall,,,1,,
+13614239350,Robocall,,,1,,
+18446043803,Robocall,,,1,,
+18554470128,Robocall,,,1,,
+13613493813,Robocall,,,1,,
+18884217067,Robocall,,,1,,
+12088316516,Robocall,,,1,,
+14012693903,Robocall,,,1,,
+14049961723,Robocall,,,1,,
+12012848668,Robocall,,,1,,
+19048336121,Robocall,,,1,,
+19047343814,Robocall,,,1,,
+14049820860,Robocall,,,1,,
+14044071060,Robocall,,,1,,
+18882779034,Robocall,,,1,,
+16787162786,Robocall,,,1,,
+15132731521,Robocall,,,1,,
+14047645308,Robocall,,,1,,
+14048820565,Robocall,,,1,,
+18329265409,Robocall,,,1,,
+16812821699,Robocall,,,1,,
+12029491034,Robocall,,,1,,
+12088077736,Robocall,,,1,,
+19034387769,Robocall,,,1,,
+18889364968,Robocall,,,1,,
+19058051496,Robocall,,,1,,
+18335413343,Robocall,,,1,,
+17712133863,Robocall,,,1,,
+18553712251,Robocall,,,1,,
+18382361965,Robocall,,,1,,
+18338109139,Robocall,,,1,,
+18335750517,Robocall,,,1,,
+16362751393,Robocall,,,1,,
+18142404145,Robocall,,,1,,
+18315806949,Robocall,,,1,,
+18334118552,Robocall,,,1,,
+14124074189,Robocall,,,1,,
+17276699754,Robocall,,,1,,
+18335272621,Robocall,,,1,,
+17407085405,Robocall,,,1,,
+18339135251,Robocall,,,1,,
+18665500033,Robocall,,,1,,
+13262087654,Robocall,,,1,,
+15174126780,Robocall,,,1,,
+18335752149,Robocall,,,1,,
+13526475400,Robocall,,,1,,
+18882402831,Robocall,,,1,,
+18886166411,Robocall,,,1,,
+18009356199,Robocall,,,1,,
+18327239949,Robocall,,,1,,
+12153981445,Robocall,,,1,,
+14123189712,Robocall,,,1,,
+12029824141,Robocall,,,1,,
+19738439381,Robocall,,,1,,
+17167091158,Robocall,,,1,,
+14703485293,Robocall,,,1,,
+18596970724,Robocall,,,1,,
+14126743581,Robocall,,,1,,
+18774700485,Robocall,,,1,,
+18456135906,Robocall,,,1,,
+15154897873,Robocall,,,1,,
+15188411738,Robocall,,,1,,
+16284449179,Robocall,,,1,,
+18889044008,Robocall,,,1,,
+17855788057,Robocall,,,1,,
+18335753336,Robocall,,,1,,
+18774700783,Robocall,,,1,,
+18453183631,Robocall,,,1,,
+15018320048,Robocall,,,1,,
+17815524528,Robocall,,,1,,
+18889040879,Robocall,,,1,,
+18667279502,Robocall,,,1,,
+13074818492,Robocall,,,1,,
+18335413658,Robocall,,,1,,
+15632249166,Robocall,,,1,,
+15127168049,Robocall,,,1,,
+17073050941,Robocall,,,1,,
+13527666235,Robocall,,,1,,
+18665709067,Robocall,,,1,,
+18574020550,Robocall,,,1,,
+17013657627,Robocall,,,1,,
+15138617336,Robocall,,,1,,
+15132954736,Robocall,,,1,,
+12526858426,Robocall,,,1,,
+18889121952,Robocall,,,1,,
+19027863724,Robocall,,,1,,
+15138037921,Robocall,,,1,,
+19373153556,Robocall,,,1,,
+18558830423,Robocall,,,1,,
+15028623479,Robocall,,,1,,
+18554470356,Robocall,,,1,,
+18059402451,Robocall,,,1,,
+16143188525,Robocall,,,1,,
+16188579211,Robocall,,,1,,
+19199135525,Robocall,,,1,,
+16039000913,Robocall,,,1,,
+12154854383,Robocall,,,1,,
+16097962788,Robocall,,,1,,
+18574027909,Robocall,,,1,,
+13526543382,Robocall,,,1,,
+12178349964,Robocall,,,1,,
+15028628811,Robocall,,,1,,
+18049642806,Robocall,,,1,,
+18663864392,Robocall,,,1,,
+18456135542,Robocall,,,1,,
+18773912731,Robocall,,,1,,
+17695293272,Robocall,,,1,,
+18655906240,Robocall,,,1,,
+19794162360,Robocall,,,1,,
+17702802967,Robocall,,,1,,
+12044534800,Robocall,,,1,,
+18885315403,Robocall,,,1,,
+16568889649,Robocall,,,1,,
+18332580465,Robocall,,,1,,
+15023431416,Robocall,,,1,,
+16317298156,Robocall,,,1,,
+17819771824,Robocall,,,1,,
+18337098488,Robocall,,,1,,
+16032579035,Robocall,,,1,,
+12153304734,Robocall,,,1,,
+18559942120,Robocall,,,1,,
+18657384701,Robocall,,,1,,
+18028099784,Robocall,,,1,,
+17706915331,Robocall,,,1,,
+15637422019,Robocall,,,1,,
+13142544103,Robocall,,,1,,
+15734445576,Robocall,,,1,,
+14105875636,Robocall,,,1,,
+13473383388,Robocall,,,1,,
+14107033165,Robocall,,,1,,
+19376339936,Robocall,,,1,,
+13525816589,Robocall,,,1,,
+17259005034,Robocall,,,1,,
+13146560315,Robocall,,,1,,
+16783404703,Robocall,,,1,,
+15153478124,Robocall,,,1,,
+17576140657,Robocall,,,1,,
+15879689672,Robocall,,,1,,
+12312967351,Robocall,,,1,,
+19782885263,Robocall,,,1,,
+12023812413,Robocall,,,1,,
+14125238954,Robocall,,,1,,
+19283445555,Robocall,,,1,,
+18557600686,Robocall,,,1,,
+18666947859,Robocall,,,1,,
+18332432514,Robocall,,,1,,
+13192618087,Robocall,,,1,,
+17134245507,Robocall,,,1,,
+18336845548,Robocall,,,1,,
+14235978602,Robocall,,,1,,
+18334273407,Robocall,,,1,,
+14343456616,Robocall,,,1,,
+18775252644,Robocall,,,1,,
+16104301069,Robocall,,,1,,
+17134760260,Robocall,,,1,,
+14047499937,Robocall,,,1,,
+19134122117,Robocall,,,1,,
+17579701841,Robocall,,,1,,
+19432748961,Robocall,,,1,,
+16469309982,Robocall,,,1,,
+14472529818,Robocall,,,1,,
+17138140605,Robocall,,,1,,
+17733799562,Robocall,,,1,,
+18573364287,Robocall,,,1,,
+17135702078,Robocall,,,1,,
+18449416751,Robocall,,,1,,
+17048027247,Robocall,,,1,,
+19894991820,Robocall,,,1,,
+16104813291,Robocall,,,1,,
+15193246781,Robocall,,,1,,
+13052048234,Robocall,,,1,,
+12342915331,Robocall,,,1,,
+19045607518,Robocall,,,1,,
+15738000061,Robocall,,,1,,
+19706341798,Robocall,,,1,,
+12025586598,Robocall,,,1,,
+13017455064,Robocall,,,1,,
+19045198712,Robocall,,,1,,
+17133697485,Robocall,,,1,,
+17245647066,Robocall,,,1,,
+18556701029,Robocall,,,1,,
+15512766643,Robocall,,,1,,
+18773922827,Robocall,,,1,,
+17754191490,Robocall,,,1,,
+16104333420,Robocall,,,1,,
+19432741912,Robocall,,,1,,
+17133758735,Robocall,,,1,,
+19894185393,Robocall,,,1,,
+12053515012,Robocall,,,1,,
+17128820228,Robocall,,,1,,
+15707224308,Robocall,,,1,,
+13363863096,Robocall,,,1,,
+17136891110,Robocall,,,1,,
+19058134695,Robocall,,,1,,
+17407602600,Robocall,,,1,,
+19892738368,Robocall,,,1,,
+19146010020,Robocall,,,1,,
+16104492158,Robocall,,,1,,
+14136012133,Robocall,,,1,,
+18596439849,Robocall,,,1,,
+18669590516,Robocall,,,1,,
+19897612437,Robocall,,,1,,
+18564028076,Robocall,,,1,,
+13465380538,Robocall,,,1,,
+16104372937,Robocall,,,1,,
+17607562047,Robocall,,,1,,
+15405071354,Robocall,,,1,,
+17653392753,Robocall,,,1,,
+18002348888,Robocall,,,1,,
+17472059950,Robocall,,,1,,
+19344323987,Robocall,,,1,,
+16572452033,Robocall,,,1,,
+16145299624,Robocall,,,1,,
+19899008083,Robocall,,,1,,
+19894631139,Robocall,,,1,,
+12077687051,Robocall,,,1,,
+17035947592,Robocall,,,1,,
+13852549975,Robocall,,,1,,
+18779068849,Robocall,,,1,,
+14042852338,Robocall,,,1,,
+16672029892,Robocall,,,1,,
+17605442744,Robocall,,,1,,
+12079072028,Robocall,,,1,,
+19728563383,Robocall,,,1,,
+16897880632,Robocall,,,1,,
+16106185908,Robocall,,,1,,
+15158952440,Robocall,,,1,,
+12393846975,Robocall,,,1,,
+15169851928,Robocall,,,1,,
+19892576489,Robocall,,,1,,
+16016121364,Robocall,,,1,,
+18438989595,Robocall,,,1,,
+17622046290,Robocall,,,1,,
+14013852814,Robocall,,,1,,
+14026078901,Robocall,,,1,,
+18336625762,Robocall,,,1,,
+12499666740,Robocall,,,1,,
+12152263129,Robocall,,,1,,
+19893460615,Robocall,,,1,,
+14028668611,Robocall,,,1,,
+17012050545,Robocall,,,1,,
+16593569682,Robocall,,,1,,
+17208202901,Robocall,,,1,,
+15637241134,Robocall,,,1,,
+15138617953,Robocall,,,1,,
+14023073997,Robocall,,,1,,
+18885666072,Robocall,,,1,,
+19895659439,Robocall,,,1,,
+18328364076,Robocall,,,1,,
+12894690946,Robocall,,,1,,
+18324083458,Robocall,,,1,,
+18137521556,Robocall,,,1,,
+12487910886,Robocall,,,1,,
+16304102960,Robocall,,,1,,
+19898004625,Robocall,,,1,,
+14144379422,Robocall,,,1,,
+17277244769,Robocall,,,1,,
+15722223093,Robocall,,,1,,
+18446040440,Robocall,,,1,,
+16104819888,Robocall,,,1,,
+18333938763,Robocall,,,1,,
+15028795929,Robocall,,,1,,
+19896745878,Robocall,,,1,,
+17783695382,Robocall,,,1,,
+18774701615,Robocall,,,1,,
+13148208493,Robocall,,,1,,
+14049687949,Robocall,,,1,,
+18046815956,Robocall,,,1,,
+19432743856,Robocall,,,1,,
+14095473676,Robocall,,,1,,
+19897865136,Robocall,,,1,,
+12036643708,Robocall,,,1,,
+16102992043,Robocall,,,1,,
+14702938084,Robocall,,,1,,
+19317885979,Robocall,,,1,,
+16035508951,Robocall,,,1,,
+14032044535,Robocall,,,1,,
+16018908486,Robocall,,,1,,
+13029463877,Robocall,,,1,,
+15025132085,Robocall,,,1,,
+15615593860,Robocall,,,1,,
+15053490315,Robocall,,,1,,
+18157253638,Robocall,,,1,,
+19044422889,Robocall,,,1,,
+19726274589,Robocall,,,1,,
+16672023414,Robocall,,,1,,
+18665503614,Robocall,,,1,,
+19893014173,Robocall,,,1,,
+16185231814,Robocall,,,1,,
+19594669308,Robocall,,,1,,
+16156834258,Robocall,,,1,,
+14259527870,Robocall,,,1,,
+19197455324,Robocall,,,1,,
+18455077553,Robocall,,,1,,
+18107979906,Robocall,,,1,,
+12317155636,Robocall,,,1,,
+14322985137,Robocall,,,1,,
+18889051675,Robocall,,,1,,
+19147446310,Robocall,,,1,,
+18446043926,Robocall,,,1,,
+18197538602,Robocall,,,1,,
+18664783172,Robocall,,,1,,
+12265173218,Robocall,,,1,,
+14013854638,Robocall,,,1,,
+15633569190,Robocall,,,1,,
+17074878609,Robocall,,,1,,
+12044967631,Robocall,,,1,,
+12704535922,Robocall,,,1,,
+13377738055,Robocall,,,1,,
+17058598095,Robocall,,,1,,
+16173910194,Robocall,,,1,,
+14053351383,Robocall,,,1,,
+15028627638,Robocall,,,1,,
+18779610180,Robocall,,,1,,
+17747751518,Robocall,,,1,,
+12486995593,Robocall,,,1,,
+17575040485,Robocall,,,1,,
+14236738240,Robocall,,,1,,
+18317448903,Robocall,,,1,,
+18624152324,Robocall,,,1,,
+17209200580,Robocall,,,1,,
+12405868987,Robocall,,,1,,
+18106910826,Robocall,,,1,,
+15186071275,Robocall,,,1,,
+18778675915,Robocall,,,1,,
+14038126122,Robocall,,,1,,
+12178637210,Robocall,,,1,,
+12272385944,Robocall,,,1,,
+12674305706,Robocall,,,1,,
+17793518602,Robocall,,,1,,
+18563050799,Robocall,,,1,,
+15028629537,Robocall,,,1,,
+14372470966,Robocall,,,1,,
+15594730536,Robocall,,,1,,
+18564478936,Robocall,,,1,,
+13213699651,Robocall,,,1,,
+17056476644,Robocall,,,1,,
+17756378226,Robocall,,,1,,
+12527571078,Robocall,,,1,,
+18889043510,Robocall,,,1,,
+12493715197,Robocall,,,1,,
+14307867077,Robocall,,,1,,
+16102277668,Robocall,,,1,,
+18447102959,Robocall,,,1,,
+19899488355,Robocall,,,1,,
+15167928785,Robocall,,,1,,
+16503999391,Robocall,,,1,,
+16135690562,Robocall,,,1,,
+12408629885,Robocall,,,1,,
+12524229523,Robocall,,,1,,
+16044046727,Robocall,,,1,,
+12246623070,Robocall,,,1,,
+14315000950,Robocall,,,1,,
+14127903572,Robocall,,,1,,
+12314406749,Robocall,,,1,,
+18665500894,Robocall,,,1,,
+19898366787,Robocall,,,1,,
+12272385940,Robocall,,,1,,
+13433588054,Robocall,,,1,,
+18028665000,Robocall,,,1,,
+14387030519,Robocall,,,1,,
+18335413537,Robocall,,,1,,
+19896256137,Robocall,,,1,,
+18482789386,Robocall,,,1,,
+13014789127,Robocall,,,1,,
+18133314366,Robocall,,,1,,
+14185311206,Robocall,,,1,,
+12896721284,Robocall,,,1,,
+16629000649,Robocall,,,1,,
+18889120824,Robocall,,,1,,
+19898930310,Robocall,,,1,,
+18775782507,Robocall,,,1,,
+15206058714,Robocall,,,1,,
+12404078982,Robocall,,,1,,
+17066379507,Robocall,,,1,,
+12314628151,Robocall,,,1,,
+18133799691,Robocall,,,1,,
+12043532414,Robocall,,,1,,
+17346242065,Robocall,,,1,,
+15315000950,Robocall,,,1,,
+19734860186,Robocall,,,1,,
+18622180342,Robocall,,,1,,
+19454090715,Robocall,,,1,,
+17068105323,Robocall,,,1,,
+15612006234,Robocall,,,1,,
+14508893434,Robocall,,,1,,
+19039129676,Robocall,,,1,,
+14437817404,Robocall,,,1,,
+18338931975,Robocall,,,1,,
+15513297037,Robocall,,,1,,
+16145253333,Robocall,,,1,,
+14389980804,Robocall,,,1,,
+16096976243,Robocall,,,1,,
+16159421570,Robocall,,,1,,
+18138254235,Robocall,,,1,,
+13014095142,Robocall,,,1,,
+19899994036,Robocall,,,1,,
+18336845507,Robocall,,,1,,
+15342129531,Robocall,,,1,,
+18338188694,Robocall,,,1,,
+17577320305,Robocall,,,1,,
+18774700835,Robocall,,,1,,
+12076362680,Robocall,,,1,,
+16189472064,Robocall,,,1,,
+19894524369,Robocall,,,1,,
+13617485808,Robocall,,,1,,
+18338538587,Robocall,,,1,,
+18448708870,Robocall,,,1,,
+17323986551,Robocall,,,1,,
+16152777219,Robocall,,,1,,
+19898507525,Robocall,,,1,,
+13014266490,Robocall,,,1,,
+14642002568,Robocall,,,1,,
+13145978865,Robocall,,,1,,
+16185059286,Robocall,,,1,,
+18339109289,Robocall,,,1,,
+18338188696,Robocall,,,1,,
+13072428441,Robocall,,,1,,
+15012254309,Robocall,,,1,,
+19432745561,Robocall,,,1,,
+18663861878,Robocall,,,1,,
+13393567053,Robocall,,,1,,
+15748347545,Robocall,,,1,,
+18594500448,Robocall,,,1,,
+14192730918,Robocall,,,1,,
+18334274602,Robocall,,,1,,
+19869105684,Robocall,,,1,,
+17323986550,Robocall,,,1,,
+12272462354,Robocall,,,1,,
+18335752709,Robocall,,,1,,
+14353755256,Robocall,,,1,,
+16478480826,Robocall,,,1,,
+14807843521,Robocall,,,1,,
+15309481420,Robocall,,,1,,
+16106714792,Robocall,,,1,,
+19378486000,Robocall,,,1,,
+14436595780,Robocall,,,1,,
+19898948140,Robocall,,,1,,
+14183919519,Robocall,,,1,,
+13615882295,Robocall,,,1,,
+18445697700,Robocall,,,1,,
+16106107866,Robocall,,,1,,
+16672656442,Robocall,,,1,,
+19048796727,Robocall,,,1,,
+16128008761,Robocall,,,1,,
+17326802915,Robocall,,,1,,
+18478577431,Robocall,,,1,,
+18663983135,Robocall,,,1,,
+12406509013,Robocall,,,1,,
+19896427549,Robocall,,,1,,
+19046654610,Robocall,,,1,,
+16783742838,Robocall,,,1,,
+19187966428,Robocall,,,1,,
+14327866977,Robocall,,,1,,
+19892569683,Robocall,,,1,,
+19284239360,Robocall,,,1,,
+18009629898,Robocall,,,1,,
+14436596343,Robocall,,,1,,
+12254883544,Robocall,,,1,,
+18473204839,Robocall,,,1,,
+15707324201,Robocall,,,1,,
+17326774519,Robocall,,,1,,
+16672656468,Robocall,,,1,,
+16462040670,Robocall,,,1,,
+19893246058,Robocall,,,1,,
+14702938076,Robocall,,,1,,
+19566733199,Robocall,,,1,,
+17073587923,Robocall,,,1,,
+16678422180,Robocall,,,1,,
+19729612770,Robocall,,,1,,
+13862391873,Robocall,,,1,,
+14432511258,Robocall,,,1,,
+19895785967,Robocall,,,1,,
+19518241781,Robocall,,,1,,
+19343364399,Robocall,,,1,,
+15165903173,Robocall,,,1,,
+12406509433,Robocall,,,1,,
+19892351009,Robocall,,,1,,
+16096976250,Robocall,,,1,,
+13163926607,Robocall,,,1,,
+13242040426,Robocall,,,1,,
+12406499889,Robocall,,,1,,
+13164650115,Robocall,,,1,,
+19892997246,Robocall,,,1,,
+13612081405,Robocall,,,1,,
+12029200704,Robocall,,,1,,
+16672656084,Robocall,,,1,,
+18476966669,Robocall,,,1,,
+18186509042,Robocall,,,1,,
+13126826121,Robocall,,,1,,
+16672657481,Robocall,,,1,,
+18665933926,Robocall,,,1,,
+15486985055,Robocall,,,1,,
+16674732440,Robocall,,,1,,
+18105229970,Robocall,,,1,,
+19892576762,Robocall,,,1,,
+18554940254,Robocall,,,1,,
+16185231832,Robocall,,,1,,
+13619785575,Robocall,,,1,,
+18592618687,Robocall,,,1,,
+12569525217,Robocall,,,1,,
+16092690180,Robocall,,,1,,
+14108344660,Robocall,,,1,,
+18309656409,Robocall,,,1,,
+15028799443,Robocall,,,1,,
+18146340983,Robocall,,,1,,
+19406987402,Robocall,,,1,,
+14102807977,Robocall,,,1,,
+19042746558,Robocall,,,1,,
+12052463277,Robocall,,,1,,
+18154721959,Robocall,,,1,,
+18666549224,Robocall,,,1,,
+12405252274,Robocall,,,1,,
+16516278002,Robocall,,,1,,
+13613173242,Robocall,,,1,,
+16135141963,Robocall,,,1,,
+12569051204,Robocall,,,1,,
+15028795986,Robocall,,,1,,
+12403497308,Robocall,,,1,,
+14845009632,Robocall,,,1,,
+18552850042,Robocall,,,1,,
+17743099047,Robocall,,,1,,
+12032905393,Robocall,,,1,,
+19084910686,Robocall,,,1,,
+13014090330,Robocall,,,1,,
+15066992364,Robocall,,,1,,
+12024305971,Robocall,,,1,,
+14402780195,Robocall,,,1,,
+12562082467,Robocall,,,1,,
+18145549259,Robocall,,,1,,
+13368004479,Robocall,,,1,,
+14436579529,Robocall,,,1,,
+18883104941,Robocall,,,1,,
+16287894589,Robocall,,,1,,
+13612251795,Robocall,,,1,,
+17088643631,Robocall,,,1,,
+16183522724,Robocall,,,1,,
+18302165248,Robocall,,,1,,
+18508531177,Robocall,,,1,,
+12563633551,Robocall,,,1,,
+12406842101,Robocall,,,1,,
+17324005792,Robocall,,,1,,
+13026632258,Robocall,,,1,,
+14122978171,Robocall,,,1,,
+16459334189,Robocall,,,1,,
+17623669033,Robocall,,,1,,
+16148455586,Robocall,,,1,,
+17258889571,Robocall,,,1,,
+15748215271,Robocall,,,1,,
+18335153624,Robocall,,,1,,
+14244555782,Robocall,,,1,,
+17829845805,Robocall,,,1,,
+12566696598,Robocall,,,1,,
+18142620002,Robocall,,,1,,
+13397778592,Robocall,,,1,,
+18886737985,Robocall,,,1,,
+18707091020,Robocall,,,1,,
+19402280812,Robocall,,,1,,
+16673156599,Robocall,,,1,,
+16312669361,Robocall,,,1,,
+18033696147,Robocall,,,1,,
+18663995534,Robocall,,,1,,
+16148701271,Robocall,,,1,,
+16463227107,Robocall,,,1,,
+18569941372,Robocall,,,1,,
+18004193986,Robocall,,,1,,
+17808321589,Robocall,,,1,,
+17044138010,Robocall,,,1,,
+13212378579,Robocall,,,1,,
+14313064285,Robocall,,,1,,
+15805408335,Robocall,,,1,,
+18559942360,Robocall,,,1,,
+13185434735,Robocall,,,1,,
+18147646557,Robocall,,,1,,
+16105954498,Robocall,,,1,,
+19702892634,Robocall,,,1,,
+18775781676,Robocall,,,1,,
+18775569255,Robocall,,,1,,
+16142980878,Robocall,,,1,,
+18572278064,Robocall,,,1,,
+15044454933,Robocall,,,1,,
+12525167538,Robocall,,,1,,
+17824629100,Robocall,,,1,,
+13195693773,Robocall,,,1,,
+18335753784,Robocall,,,1,,
+13189051767,Robocall,,,1,,
+19832264191,Robocall,,,1,,
+16147159364,Robocall,,,1,,
+18137577466,Robocall,,,1,,
+18884344690,Robocall,,,1,,
+15129743801,Robocall,,,1,,
+18447920215,Robocall,,,1,,
+18482888578,Robocall,,,1,,
+16064004190,Robocall,,,1,,
+19737128115,Robocall,,,1,,
+15712880350,Robocall,,,1,,
+19132271211,Robocall,,,1,,
+18445542158,Robocall,,,1,,
+12173369675,Robocall,,,1,,
+12765280999,Robocall,,,1,,
+12078238825,Robocall,,,1,,
+18005939272,Robocall,,,1,,
+13037652910,Robocall,,,1,,
+17606486649,Robocall,,,1,,
+15706369861,Robocall,,,1,,
+12047046412,Robocall,,,1,,
+15147713227,Robocall,,,1,,
+15722008614,Robocall,,,1,,
+19182555283,Robocall,,,1,,
+16823209778,Robocall,,,1,,
+15705200304,Robocall,,,1,,
+18884184694,Robocall,,,1,,
+18554942056,Robocall,,,1,,
+15132841157,Robocall,,,1,,
+17157505268,Robocall,,,1,,
+15807578609,Robocall,,,1,,
+12049141338,Robocall,,,1,,
+13037185957,Robocall,,,1,,
+18004068148,Robocall,,,1,,
+17404138693,Robocall,,,1,,
+18664783342,Robocall,,,1,,
+15702404205,Robocall,,,1,,
+12283334206,Robocall,,,1,,
+19052772562,Robocall,,,1,,
+18557934887,Robocall,,,1,,
+18609579250,Robocall,,,1,,
+12897399105,Robocall,,,1,,
+18176167231,Robocall,,,1,,
+19038031814,Robocall,,,1,,
+18884215855,Robocall,,,1,,
+19735480401,Robocall,,,1,,
+16053183111,Robocall,,,1,,
+17822729408,Robocall,,,1,,
+18666812819,Robocall,,,1,,
+18048700566,Robocall,,,1,,
+18335752592,Robocall,,,1,,
+16047483845,Robocall,,,1,,
+18339128911,Robocall,,,1,,
+18704088720,Robocall,,,1,,
+12626289071,Robocall,,,1,,
+18554941315,Robocall,,,1,,
+12547813140,Robocall,,,1,,
+18666549944,Robocall,,,1,,
+17377387384,Robocall,,,1,,
+18058885427,Robocall,,,1,,
+15742560615,Robocall,,,1,,
+15183169224,Robocall,,,1,,
+18668515611,Robocall,,,1,,
+13802347169,Robocall,,,1,,
+18262689214,Robocall,,,1,,
+15516006918,Robocall,,,1,,
+14108342890,Robocall,,,1,,
+18623948838,Robocall,,,1,,
+18556611824,Robocall,,,1,,
+15644445923,Robocall,,,1,,
+16014565169,Robocall,,,1,,
+12547703484,Robocall,,,1,,
+13062449887,Robocall,,,1,,
+16788818869,Robocall,,,1,,
+18665501799,Robocall,,,1,,
+19412923895,Robocall,,,1,,
+16202924130,Robocall,,,1,,
+18572320212,Robocall,,,1,,
+18777203780,Robocall,,,1,,
+15704320004,Robocall,,,1,,
+14324654799,Robocall,,,1,,
+19294633451,Robocall,,,1,,
+18334273094,Robocall,,,1,,
+17758545401,Robocall,,,1,,
+14693261488,Robocall,,,1,,
+12154746030,Robocall,,,1,,
+19053088842,Robocall,,,1,,
+13344427995,Robocall,,,1,,
+18884218639,Robocall,,,1,,
+12249902928,Robocall,,,1,,
+13169995079,Robocall,,,1,,
+16397414586,Robocall,,,1,,
+16104265010,Robocall,,,1,,
+19414323695,Robocall,,,1,,
+14078872694,Robocall,,,1,,
+16163052942,Robocall,,,1,,
+18439546020,Robocall,,,1,,
+18333901982,Robocall,,,1,,
+19517292497,Robocall,,,1,,
+12162479071,Robocall,,,1,,
+15302132546,Robocall,,,1,,
+15705543928,Robocall,,,1,,
+19174805886,Robocall,,,1,,
+16046457616,Robocall,,,1,,
+16149549734,Robocall,,,1,,
+14382339218,Robocall,,,1,,
+12342043614,Robocall,,,1,,
+18667716750,Robocall,,,1,,
+19716064757,Robocall,,,1,,
+18289631448,Robocall,,,1,,
+18884219167,Robocall,,,1,,
+18258899565,Robocall,,,1,,
+12163847870,Robocall,,,1,,
+16015332076,Robocall,,,1,,
+15402023108,Robocall,,,1,,
+15305034013,Robocall,,,1,,
+18778553417,Robocall,,,1,,
+13802484070,Robocall,,,1,,
+17863129717,Robocall,,,1,,
+12262022411,Robocall,,,1,,
+18776183574,Robocall,,,1,,
+18338026047,Robocall,,,1,,
+18338099770,Robocall,,,1,,
+17062084198,Robocall,,,1,,
+16232889021,Robocall,,,1,,
+17185146269,Robocall,,,1,,
+15513889618,Robocall,,,1,,
+19494020393,Robocall,,,1,,
+17754381723,Robocall,,,1,,
+18042868655,Robocall,,,1,,
+15018403867,Robocall,,,1,,
+18146583329,Robocall,,,1,,
+16312030679,Robocall,,,1,,
+16033339682,Robocall,,,1,,
+19793601768,Robocall,,,1,,
+18287222452,Robocall,,,1,,
+18338512820,Robocall,,,1,,
+16466851634,Robocall,,,1,,
+15145748892,Robocall,,,1,,
+15514555374,Robocall,,,1,,
+13202307845,Robocall,,,1,,
+18454488062,Robocall,,,1,,
+18149263269,Robocall,,,1,,
+13173778571,Robocall,,,1,,
+18474122929,Robocall,,,1,,
+16597663877,Robocall,,,1,,
+16782250113,Robocall,,,1,,
+14028624828,Robocall,,,1,,
+18454976943,Robocall,,,1,,
+18023351372,Robocall,,,1,,
+17185822067,Robocall,,,1,,
+19738331622,Robocall,,,1,,
+18709678659,Robocall,,,1,,
+18728189031,Robocall,,,1,,
+18775690169,Robocall,,,1,,
+14259777144,Robocall,,,1,,
+18447920988,Robocall,,,1,,
+15706698721,Robocall,,,1,,
+16465512321,Robocall,,,1,,
+17579422722,Robocall,,,1,,
+18335464691,Robocall,,,1,,
+18553248874,Robocall,,,1,,
+18636990632,Robocall,,,1,,
+18664780621,Robocall,,,1,,
+15198522561,Robocall,,,1,,
+19179794984,Robocall,,,1,,
+15023347006,Robocall,,,1,,
+15138572292,Robocall,,,1,,
+18133417777,Robocall,,,1,,
+18665501608,Robocall,,,1,,
+12024181122,Robocall,,,1,,
+14012340852,Robocall,,,1,,
+17279319080,Robocall,,,1,,
+18574027824,Robocall,,,1,,
+15129847307,Robocall,,,1,,
+12029161755,Robocall,,,1,,
+18649384673,Robocall,,,1,,
+19549498418,Robocall,,,1,,
+16147080247,Robocall,,,1,,
+18335771453,Robocall,,,1,,
+18037973036,Robocall,,,1,,
+17722806915,Robocall,,,1,,
+18175029832,Robocall,,,1,,
+18889122744,Robocall,,,1,,
+17274996151,Robocall,,,1,,
+18104764452,Robocall,,,1,,
+16092054575,Robocall,,,1,,
+17574531364,Robocall,,,1,,
+12296334136,Robocall,,,1,,
+12032458301,Robocall,,,1,,
+12233876866,Robocall,,,1,,
+18445151643,Robocall,,,1,,
+12363432308,Robocall,,,1,,
+17273226702,Robocall,,,1,,
+14013867071,Robocall,,,1,,
+18668478550,Robocall,,,1,,
+12513576121,Robocall,,,1,,
+18319006262,Robocall,,,1,,
+15139952817,Robocall,,,1,,
+19703026912,Robocall,,,1,,
+19379073742,Robocall,,,1,,
+17174026424,Robocall,,,1,,
+14073507276,Robocall,,,1,,
+16012130932,Robocall,,,1,,
+18139159661,Robocall,,,1,,
+18337089829,Robocall,,,1,,
+12057455568,Robocall,,,1,,
+14099463402,Robocall,,,1,,
+18624493049,Robocall,,,1,,
+17244094713,Robocall,,,1,,
+13863437559,Robocall,,,1,,
+18108816933,Robocall,,,1,,
+16452300080,Robocall,,,1,,
+17724689940,Robocall,,,1,,
+13656089553,Robocall,,,1,,
+13344448105,Robocall,,,1,,
+14058090313,Robocall,,,1,,
+19167556202,Robocall,,,1,,
+13476448964,Robocall,,,1,,
+16672999978,Robocall,,,1,,
+15735908761,Robocall,,,1,,
+13862638076,Robocall,,,1,,
+18022088836,Robocall,,,1,,
+13866992389,Robocall,,,1,,
+16104690937,Robocall,,,1,,
+18305870375,Robocall,,,1,,
+12352041044,Robocall,,,1,,
+18553991935,Robocall,,,1,,
+18439316327,Robocall,,,1,,
+13178059137,Robocall,,,1,,
+16394809193,Robocall,,,1,,
+16312038646,Robocall,,,1,,
+18392448303,Robocall,,,1,,
+12054026141,Robocall,,,1,,
+17248659183,Robocall,,,1,,
+17184125208,Robocall,,,1,,
+19203503146,Robocall,,,1,,
+16319666966,Robocall,,,1,,
+15182196240,Robocall,,,1,,
+14317432108,Robocall,,,1,,
+19895786412,Robocall,,,1,,
+13149839766,Robocall,,,1,,
+16602652208,Robocall,,,1,,
+17246164718,Robocall,,,1,,
+13322410559,Robocall,,,1,,
+14796311064,Robocall,,,1,,
+15066992369,Robocall,,,1,,
+16604150246,Robocall,,,1,,
+18777829750,Robocall,,,1,,
+15179000260,Robocall,,,1,,
+16603557793,Robocall,,,1,,
+13862293844,Robocall,,,1,,
+17374161966,Robocall,,,1,,
+15167887063,Robocall,,,1,,
+17733051716,Robocall,,,1,,
+12566570070,Robocall,,,1,,
+16609611307,Robocall,,,1,,
+14632340794,Robocall,,,1,,
+19725566452,Robocall,,,1,,
+16316719252,Robocall,,,1,,
+15158490366,Robocall,,,1,,
+12677911113,Robocall,,,1,,
+15025132409,Robocall,,,1,,
+18634320971,Robocall,,,1,,
+16303383413,Robocall,,,1,,
+18739952929,Robocall,,,1,,
+17658938592,Robocall,,,1,,
+13863761545,Robocall,,,1,,
+19177799158,Robocall,,,1,,
+14185734231,Robocall,,,1,,
+15512679734,Robocall,,,1,,
+18884181677,Robocall,,,1,,
+17327956542,Robocall,,,1,,
+12694219889,Robocall,,,1,,
+19207091597,Robocall,,,1,,
+12528774337,Robocall,,,1,,
+14058279502,Robocall,,,1,,
+18882291383,Robocall,,,1,,
+17786449847,Robocall,,,1,,
+15412011872,Robocall,,,1,,
+17652948358,Robocall,,,1,,
+15745985196,Robocall,,,1,,
+15708636916,Robocall,,,1,,
+15028622912,Robocall,,,1,,
+18003101094,Robocall,,,1,,
+12096458335,Robocall,,,1,,
+12317908622,Robocall,,,1,,
+14454478372,Robocall,,,1,,
+19708071633,Robocall,,,1,,
+18574021926,Robocall,,,1,,
+18382831365,Robocall,,,1,,
+18542073889,Robocall,,,1,,
+17728003049,Robocall,,,1,,
+15066992343,Robocall,,,1,,
+17704286385,Robocall,,,1,,
+15743435238,Robocall,,,1,,
+15512337992,Robocall,,,1,,
+17349920758,Robocall,,,1,,
+15702194243,Robocall,,,1,,
+14387030541,Robocall,,,1,,
+14183240948,Robocall,,,1,,
+14144370464,Robocall,,,1,,
+13655142188,Robocall,,,1,,
+18483712631,Robocall,,,1,,
+13858008817,Robocall,,,1,,
+15873086141,Robocall,,,1,,
+15028677858,Robocall,,,1,,
+17045502089,Robocall,,,1,,
+14256483182,Robocall,,,1,,
+14842518148,Robocall,,,1,,
+15156084016,Robocall,,,1,,
+12523789764,Robocall,,,1,,
+16102735287,Robocall,,,1,,
+15312759240,Robocall,,,1,,
+19143296833,Robocall,,,1,,
+16477906760,Robocall,,,1,,
+13852632236,Robocall,,,1,,
+12696006966,Robocall,,,1,,
+13182166628,Robocall,,,1,,
+15156027192,Robocall,,,1,,
+15023626103,Robocall,,,1,,
+12482766646,Robocall,,,1,,
+18574023659,Robocall,,,1,,
+12367535499,Robocall,,,1,,
+18774336570,Robocall,,,1,,
+13144141113,Robocall,,,1,,
+19419441729,Robocall,,,1,,
+14184004223,Robocall,,,1,,
+14028043122,Robocall,,,1,,
+18885828333,Robocall,,,1,,
+14125249590,Robocall,,,1,,
+19206992075,Robocall,,,1,,
+19709075118,Robocall,,,1,,
+17247985444,Robocall,,,1,,
+18774700584,Robocall,,,1,,
+18556033286,Robocall,,,1,,
+18317771188,Robocall,,,1,,
+15018596959,Robocall,,,1,,
+18446043799,Robocall,,,1,,
+18053342124,Robocall,,,1,,
+18656871257,Robocall,,,1,,
+18319996860,Robocall,,,1,,
+19414991480,Robocall,,,1,,
+12087448285,Robocall,,,1,,
+17722963488,Robocall,,,1,,
+14406843409,Robocall,,,1,,
+13866754260,Robocall,,,1,,
+18003090301,Robocall,,,1,,
+13124495290,Robocall,,,1,,
+14425660260,Robocall,,,1,,
+14106450914,Robocall,,,1,,
+13349985684,Robocall,,,1,,
+16623059290,Robocall,,,1,,
+15735996130,Robocall,,,1,,
+15028624331,Robocall,,,1,,
+16313644878,Robocall,,,1,,
+19048184144,Robocall,,,1,,
+19414991825,Robocall,,,1,,
+14302553950,Robocall,,,1,,
+14693135145,Robocall,,,1,,
+17658885279,Robocall,,,1,,
+13612354609,Robocall,,,1,,
+16507781045,Robocall,,,1,,
+18503612161,Robocall,,,1,,
+17722487869,Robocall,,,1,,
+15753769131,Robocall,,,1,,
+13024812661,Robocall,,,1,,
+19367999320,Robocall,,,1,,
+18507152936,Robocall,,,1,,
+19453262309,Robocall,,,1,,
+14845003028,Robocall,,,1,,
+19453262215,Robocall,,,1,,
+15716671577,Robocall,,,1,,
+18555802523,Robocall,,,1,,
+18554470122,Robocall,,,1,,
+12282878122,Robocall,,,1,,
+18663242365,Robocall,,,1,,
+13349177163,Robocall,,,1,,
+18554940291,Robocall,,,1,,
+13124828009,Robocall,,,1,,
+16037096078,Robocall,,,1,,
+12243106409,Robocall,,,1,,
+16622430836,Robocall,,,1,,
+12079998736,Robocall,,,1,,
+18555802592,Robocall,,,1,,
+16302785432,Robocall,,,1,,
+18336639281,Robocall,,,1,,
+16622675871,Robocall,,,1,,
+15414346924,Robocall,,,1,,
+16302281633,Robocall,,,1,,
+13024813289,Robocall,,,1,,
+17165732889,Robocall,,,1,,
+16302786327,Robocall,,,1,,
+14144370549,Robocall,,,1,,
+15207482422,Robocall,,,1,,
+18558830484,Robocall,,,1,,
+12523977278,Robocall,,,1,,
+15392787617,Robocall,,,1,,
+13012041371,Robocall,,,1,,
+18168395925,Robocall,,,1,,
+15066992500,Robocall,,,1,,
+12893756921,Robocall,,,1,,
+13528999365,Robocall,,,1,,
+16203151986,Robocall,,,1,,
+19299770175,Robocall,,,1,,
+16305473607,Robocall,,,1,,
+13143840058,Robocall,,,1,,
+18324792236,Robocall,,,1,,
+18046675032,Robocall,,,1,,
+18667720996,Robocall,,,1,,
+14175127674,Robocall,,,1,,
+16203079451,Robocall,,,1,,
+16462463357,Robocall,,,1,,
+18338590555,Robocall,,,1,,
+12525425701,Robocall,,,1,,
+18509548695,Robocall,,,1,,
+16067723746,Robocall,,,1,,
+12502450570,Robocall,,,1,,
+18447102880,Robocall,,,1,,
+18447103076,Robocall,,,1,,
+16207177244,Robocall,,,1,,
+17069494930,Robocall,,,1,,
+12103253642,Robocall,,,1,,
+16419230598,Robocall,,,1,,
+18329273933,Robocall,,,1,,
+15862033332,Robocall,,,1,,
+15513880416,Robocall,,,1,,
+17754526711,Robocall,,,1,,
+12346503811,Robocall,,,1,,
+18775460068,Robocall,,,1,,
+16419234516,Robocall,,,1,,
+16204760017,Robocall,,,1,,
+19126198471,Robocall,,,1,,
+15206890026,Robocall,,,1,,
+16414662000,Robocall,,,1,,
+18668318898,Robocall,,,1,,
+18783777995,Robocall,,,1,,
+18137689569,Robocall,,,1,,
+12797666112,Robocall,,,1,,
+16203743405,Robocall,,,1,,
+12077094753,Robocall,,,1,,
+18312371779,Robocall,,,1,,
+18607030370,Robocall,,,1,,
+13862613266,Robocall,,,1,,
+18332846360,Robocall,,,1,,
+17312005794,Robocall,,,1,,
+18334568600,Robocall,,,1,,
+18443973744,Robocall,,,1,,
+13195127951,Robocall,,,1,,
+15048429939,Robocall,,,1,,
+16205064285,Robocall,,,1,,
+18663415762,Robocall,,,1,,
+12248290514,Robocall,,,1,,
+19036083809,Robocall,,,1,,
+16466018490,Robocall,,,1,,
+16416846686,Robocall,,,1,,
+16823572877,Robocall,,,1,,
+13868321373,Robocall,,,1,,
+14632006361,Robocall,,,1,,
+17312005856,Robocall,,,1,,
+18003201501,Robocall,,,1,,
+15143745585,Robocall,,,1,,
+15188192176,Robocall,,,1,,
+14782470896,Robocall,,,1,,
+16206447570,Robocall,,,1,,
+19492991296,Robocall,,,1,,
+18103686520,Robocall,,,1,,
+12403682719,Robocall,,,1,,
+19706593607,Robocall,,,1,,
+19049778230,Robocall,,,1,,
+17069552301,Robocall,,,1,,
+18444213205,Robocall,,,1,,
+18889664372,Robocall,,,1,,
+16205452477,Robocall,,,1,,
+18002952085,Robocall,,,1,,
+13176188871,Robocall,,,1,,
+18508357148,Robocall,,,1,,
+18778708367,Robocall,,,1,,
+14049178528,Robocall,,,1,,
+17312005793,Robocall,,,1,,
+19183248229,Robocall,,,1,,
+14352444963,Robocall,,,1,,
+13178005326,Robocall,,,1,,
+18884217219,Robocall,,,1,,
+15136246377,Robocall,,,1,,
+17204734028,Robocall,,,1,,
+12179444276,Robocall,,,1,,
+18889041714,Robocall,,,1,,
+17408713370,Robocall,,,1,,
+12299295571,Robocall,,,1,,
+14783766186,Robocall,,,1,,
+18446043354,Robocall,,,1,,
+19498056056,Robocall,,,1,,
+13365596818,Robocall,,,1,,
+18447920062,Robocall,,,1,,
+18009807390,Robocall,,,1,,
+17813435145,Robocall,,,1,,
+16303661916,Robocall,,,1,,
+18446043198,Robocall,,,1,,
+19376421040,Robocall,,,1,,
+13174639467,Robocall,,,1,,
+13863553050,Robocall,,,1,,
+18334273167,Robocall,,,1,,
+15597445360,Robocall,,,1,,
+17075044957,Robocall,,,1,,
+16017811012,Robocall,,,1,,
+18335754128,Robocall,,,1,,
+18885391387,Robocall,,,1,,
+15745422962,Robocall,,,1,,
+17422456678,Robocall,,,1,,
+17183037699,Robocall,,,1,,
+14783220299,Robocall,,,1,,
+18884218460,Robocall,,,1,,
+12294845592,Robocall,,,1,,
+17432868616,Robocall,,,1,,
+17577865181,Robocall,,,1,,
+15183151432,Robocall,,,1,,
+18554942153,Robocall,,,1,,
+17652647925,Robocall,,,1,,
+18775805116,Robocall,,,1,,
+16176025746,Robocall,,,1,,
+17349293861,Robocall,,,1,,
+13149374697,Robocall,,,1,,
+15418096218,Robocall,,,1,,
+18445493107,Robocall,,,1,,
+16095968827,Robocall,,,1,,
+12029780869,Robocall,,,1,,
+17032939451,Robocall,,,1,,
+12524296636,Robocall,,,1,,
+13699991123,Robocall,,,1,,
+12172040567,Robocall,,,1,,
+17653978616,Robocall,,,1,,
+12143427134,Robocall,,,1,,
+17204219116,Robocall,,,1,,
+18553712077,Robocall,,,1,,
+14356272028,Robocall,,,1,,
+17098589597,Robocall,,,1,,
+18394323867,Robocall,,,1,,
+14065368992,Robocall,,,1,,
+18332410100,Robocall,,,1,,
+13174276210,Robocall,,,1,,
+16202249831,Robocall,,,1,,
+12023819928,Robocall,,,1,,
+12138680394,Robocall,,,1,,
+19285921738,Robocall,,,1,,
+12173540556,Robocall,,,1,,
+15512397082,Robocall,,,1,,
+13177547876,Robocall,,,1,,
+12269605160,Robocall,,,1,,
+13175518324,Robocall,,,1,,
+19295320019,Robocall,,,1,,
+12029897017,Robocall,,,1,,
+14062653011,Robocall,,,1,,
+13034389903,Robocall,,,1,,
+17869808078,Robocall,,,1,,
+16802008641,Robocall,,,1,,
+13172065202,Robocall,,,1,,
+14323212034,Robocall,,,1,,
+19709824657,Robocall,,,1,,
+13039930341,Robocall,,,1,,
+18723636393,Robocall,,,1,,
+13037809278,Robocall,,,1,,
+13172065269,Robocall,,,1,,
+18447921092,Robocall,,,1,,
+15174439563,Robocall,,,1,,
+13869463141,Robocall,,,1,,
+17249810731,Robocall,,,1,,
+13467586311,Robocall,,,1,,
+13172065313,Robocall,,,1,,
+18327216639,Robocall,,,1,,
+14699021274,Robocall,,,1,,
+15129911261,Robocall,,,1,,
+18182141228,Robocall,,,1,,
+18775902839,Robocall,,,1,,
+18103534082,Robocall,,,1,,
+15206573024,Robocall,,,1,,
+17728776420,Robocall,,,1,,
+18885052183,Robocall,,,1,,
+15208272179,Robocall,,,1,,
+13032198807,Robocall,,,1,,
+16178293576,Robocall,,,1,,
+14848503226,Robocall,,,1,,
+13128012253,Robocall,,,1,,
+19258001614,Robocall,,,1,,
+15162598789,Robocall,,,1,,
+12812380318,Robocall,,,1,,
+18335750512,Robocall,,,1,,
+17404087060,Robocall,,,1,,
+19095885875,Robocall,,,1,,
+18334271551,Robocall,,,1,,
+12057782973,Robocall,,,1,,
+12814538770,Robocall,,,1,,
+18727999230,Robocall,,,1,,
+14313301542,Robocall,,,1,,
+18156335684,Robocall,,,1,,
+12024984582,Robocall,,,1,,
+13863550753,Robocall,,,1,,
+16506301514,Robocall,,,1,,
+12097732585,Robocall,,,1,,
+16146558589,Robocall,,,1,,
+18168670193,Robocall,,,1,,
+12058147387,Robocall,,,1,,
+14783242838,Robocall,,,1,,
+15038292292,Robocall,,,1,,
+12816905459,Robocall,,,1,,
+13162393933,Robocall,,,1,,
+18505884075,Robocall,,,1,,
+18335754087,Robocall,,,1,,
+16202211245,Robocall,,,1,,
+13074745304,Robocall,,,1,,
+14644004047,Robocall,,,1,,
+15123809339,Robocall,,,1,,
+16088177553,Robocall,,,1,,
+13025521366,Robocall,,,1,,
+18509172427,Robocall,,,1,,
+18334274608,Robocall,,,1,,
+16163843241,Robocall,,,1,,
+12818855803,Robocall,,,1,,
+16408379141,Robocall,,,1,,
+12122636695,Robocall,,,1,,
+12193609628,Robocall,,,1,,
+16504901283,Robocall,,,1,,
+19014022289,Robocall,,,1,,
+12056876312,Robocall,,,1,,
+13678035023,Robocall,,,1,,
+19285580553,Robocall,,,1,,
+12488310055,Robocall,,,1,,
+13072645229,Robocall,,,1,,
+15703006164,Robocall,,,1,,
+18336413295,Robocall,,,1,,
+17142774108,Robocall,,,1,,
+17165635617,Robocall,,,1,,
+12509894838,Robocall,,,1,,
+12793007008,Robocall,,,1,,
+12488741142,Robocall,,,1,,
+14387030760,Robocall,,,1,,
+12814621577,Robocall,,,1,,
+18178559555,Robocall,,,1,,
+18102544528,Robocall,,,1,,
+15023349575,Robocall,,,1,,
+14708379358,Robocall,,,1,,
+18333718248,Robocall,,,1,,
+18154209986,Robocall,,,1,,
+16176754444,Robocall,,,1,,
+19049926787,Robocall,,,1,,
+14783087776,Robocall,,,1,,
+18456135547,Robocall,,,1,,
+18334496556,Robocall,,,1,,
+19045221961,Robocall,,,1,,
+13526049951,Robocall,,,1,,
+13093011579,Robocall,,,1,,
+16785050244,Robocall,,,1,,
+13807100428,Robocall,,,1,,
+15028799672,Robocall,,,1,,
+12192020559,Robocall,,,1,,
+12508920422,Robocall,,,1,,
+18553572243,Robocall,,,1,,
+14135244655,Robocall,,,1,,
+14842048845,Robocall,,,1,,
+12709090079,Robocall,,,1,,
+18435858952,Robocall,,,1,,
+12194137811,Robocall,,,1,,
+16018122305,Robocall,,,1,,
+12703456389,Robocall,,,1,,
+12246988840,Robocall,,,1,,
+16518673401,Robocall,,,1,,
+14785695648,Robocall,,,1,,
+13347663717,Robocall,,,1,,
+19843919618,Robocall,,,1,,
+19846666305,Robocall,,,1,,
+17243868119,Robocall,,,1,,
+18553204912,Robocall,,,1,,
+18777882876,Robocall,,,1,,
+16602142694,Robocall,,,1,,
+16672025885,Robocall,,,1,,
+17693567492,Robocall,,,1,,
+14388490119,Robocall,,,1,,
+16315185160,Robocall,,,1,,
+13465999929,Robocall,,,1,,
+16402987955,Robocall,,,1,,
+13032279014,Robocall,,,1,,
+14318364200,Robocall,,,1,,
+12409394380,Robocall,,,1,,
+18433524206,Robocall,,,1,,
+12064019607,Robocall,,,1,,
+14123570746,Robocall,,,1,,
+17727837197,Robocall,,,1,,
+18559940424,Robocall,,,1,,
+12024387953,Robocall,,,1,,
+17803708884,Robocall,,,1,,
+17257054352,Robocall,,,1,,
+17637067067,Robocall,,,1,,
+18138222946,Robocall,,,1,,
+15203086597,Robocall,,,1,,
+15723333024,Robocall,,,1,,
+16364290289,Robocall,,,1,,
+19046854399,Robocall,,,1,,
+19419421371,Robocall,,,1,,
+17578157073,Robocall,,,1,,
+14782921260,Robocall,,,1,,
+14754474866,Robocall,,,1,,
+15703955290,Robocall,,,1,,
+15205856944,Robocall,,,1,,
+18323038348,Robocall,,,1,,
+12814061721,Robocall,,,1,,
+18665503635,Robocall,,,1,,
+17797038588,Robocall,,,1,,
+17704305520,Robocall,,,1,,
+12672399298,Robocall,,,1,,
+15599339306,Robocall,,,1,,
+17144525267,Robocall,,,1,,
+18162080215,Robocall,,,1,,
+18039215492,Robocall,,,1,,
+15092709308,Robocall,,,1,,
+12294007449,Robocall,,,1,,
+18195124370,Robocall,,,1,,
+12268463578,Robocall,,,1,,
+16784418363,Robocall,,,1,,
+19725472700,Robocall,,,1,,
+19283909655,Robocall,,,1,,
+16514574525,Robocall,,,1,,
+17723480666,Robocall,,,1,,
+18167894539,Robocall,,,1,,
+15155888931,Robocall,,,1,,
+16139604252,Robocall,,,1,,
+16616515339,Robocall,,,1,,
+18033172847,Robocall,,,1,,
+18708689595,Robocall,,,1,,
+15167748365,Robocall,,,1,,
+15725000891,Robocall,,,1,,
+15139731950,Robocall,,,1,,
+14588541006,Robocall,,,1,,
+18036785215,Robocall,,,1,,
+12049078917,Robocall,,,1,,
+16093047420,Robocall,,,1,,
+19169158262,Robocall,,,1,,
+13168887970,Robocall,,,1,,
+14092241371,Robocall,,,1,,
+14383384435,Robocall,,,1,,
+14104321026,Robocall,,,1,,
+18064222821,Robocall,,,1,,
+17029196469,Robocall,,,1,,
+14237610496,Robocall,,,1,,
+19149150088,Robocall,,,1,,
+18773913648,Robocall,,,1,,
+17829982483,Robocall,,,1,,
+17247035385,Robocall,,,1,,
+16393354067,Robocall,,,1,,
+18124074075,Robocall,,,1,,
+16892171497,Robocall,,,1,,
+18446043754,Robocall,,,1,,
+17032023711,Robocall,,,1,,
+17022687048,Robocall,,,1,,
+18607845479,Robocall,,,1,,
+17162099754,Robocall,,,1,,
+14787588143,Robocall,,,1,,
+18633064430,Robocall,,,1,,
+19482229589,Robocall,,,1,,
+17023448429,Robocall,,,1,,
+16303494876,Robocall,,,1,,
+19374042278,Robocall,,,1,,
+14387030702,Robocall,,,1,,
+14234818383,Robocall,,,1,,
+18198072894,Robocall,,,1,,
+18335675716,Robocall,,,1,,
+17028191758,Robocall,,,1,,
+13126051756,Robocall,,,1,,
+18775812740,Robocall,,,1,,
+18665503672,Robocall,,,1,,
+13434331012,Robocall,,,1,,
+13169460105,Robocall,,,1,,
+18262179473,Robocall,,,1,,
+17738314655,Robocall,,,1,,
+18032720425,Robocall,,,1,,
+13469086740,Robocall,,,1,,
+19412560616,Robocall,,,1,,
+18664782571,Robocall,,,1,,
+18164430526,Robocall,,,1,,
+13125855952,Robocall,,,1,,
+13463866722,Robocall,,,1,,
+18447102960,Robocall,,,1,,
+18555201937,Robocall,,,1,,
+14405311525,Robocall,,,1,,
+18452872976,Robocall,,,1,,
+18447921104,Robocall,,,1,,
+18722915990,Robocall,,,1,,
+13038736272,Robocall,,,1,,
+12543483128,Robocall,,,1,,
+15023512741,Robocall,,,1,,
+12024604244,Robocall,,,1,,
+13155259431,Robocall,,,1,,
+15856769039,Robocall,,,1,,
+13373073127,Robocall,,,1,,
+12408738698,Robocall,,,1,,
+15024800445,Robocall,,,1,,
+18447921149,Robocall,,,1,,
+18663205530,Robocall,,,1,,
+18509859561,Robocall,,,1,,
+17752458475,Robocall,,,1,,
+18554040815,Robocall,,,1,,
+18554942156,Robocall,,,1,,
+15012245030,Robocall,,,1,,
+14013350591,Robocall,,,1,,
+16476178938,Robocall,,,1,,
+18042278391,Robocall,,,1,,
+18723241544,Robocall,,,1,,
+16893028785,Robocall,,,1,,
+16789411488,Robocall,,,1,,
+14193626569,Robocall,,,1,,
+17373222480,Robocall,,,1,,
+17636393921,Robocall,,,1,,
+17032107299,Robocall,,,1,,
+19034592646,Robocall,,,1,,
+18483045897,Robocall,,,1,,
+18175829502,Robocall,,,1,,
+17373960389,Robocall,,,1,,
+18282325974,Robocall,,,1,,
+17862707504,Robocall,,,1,,
+15757375990,Robocall,,,1,,
+13127307348,Robocall,,,1,,
+12107576123,Robocall,,,1,,
+18773258084,Robocall,,,1,,
+18883839731,Robocall,,,1,,
+19725347216,Robocall,,,1,,
+19714790873,Robocall,,,1,,
+13147480370,Robocall,,,1,,
+14136012279,Robocall,,,1,,
+19032871920,Robocall,,,1,,
+17082943165,Robocall,,,1,,
+18773173726,Robocall,,,1,,
+18772071273,Robocall,,,1,,
+12543247994,Robocall,,,1,,
+15617109201,Robocall,,,1,,
+16893003945,Robocall,,,1,,
+18883102158,Robocall,,,1,,
+18606063946,Robocall,,,1,,
+19489006927,Robocall,,,1,,
+13037881573,Robocall,,,1,,
+18773493294,Robocall,,,1,,
+19738321990,Robocall,,,1,,
+16813333226,Robocall,,,1,,
+14097617631,Robocall,,,1,,
+14782955568,Robocall,,,1,,
+14013854840,Robocall,,,1,,
+19103359438,Robocall,,,1,,
+13605058780,Robocall,,,1,,
+18145694922,Robocall,,,1,,
+18772490214,Robocall,,,1,,
+18656852076,Robocall,,,1,,
+15636440316,Robocall,,,1,,
+15618346801,Robocall,,,1,,
+18103192783,Robocall,,,1,,
+15752824787,Robocall,,,1,,
+14692703570,Robocall,,,1,,
+14013852599,Robocall,,,1,,
+15855591803,Robocall,,,1,,
+19209338048,Robocall,,,1,,
+19565917179,Robocall,,,1,,
+18149954877,Robocall,,,1,,
+17745487325,Robocall,,,1,,
+13148975598,Robocall,,,1,,
+16096905757,Robocall,,,1,,
+19452948980,Robocall,,,1,,
+13126268681,Robocall,,,1,,
+14352553752,Robocall,,,1,,
+12568278329,Robocall,,,1,,
+12345888362,Robocall,,,1,,
+14437317130,Robocall,,,1,,
+18017868618,Robocall,,,1,,
+15757370510,Robocall,,,1,,
+18667716940,Robocall,,,1,,
+17815316268,Robocall,,,1,,
+12293032600,Robocall,,,1,,
+18154433410,Robocall,,,1,,
+18666811196,Robocall,,,1,,
+12562430876,Robocall,,,1,,
+17577740319,Robocall,,,1,,
+16095594070,Robocall,,,1,,
+19432743396,Robocall,,,1,,
+19302050031,Robocall,,,1,,
+13346178284,Robocall,,,1,,
+17058300877,Robocall,,,1,,
+13093064896,Robocall,,,1,,
+15024536230,Robocall,,,1,,
+18153626668,Robocall,,,1,,
+18133172809,Robocall,,,1,,
+13469137230,Robocall,,,1,,
+17248178167,Robocall,,,1,,
+15718779782,Robocall,,,1,,
+12073048568,Robocall,,,1,,
+15757373353,Robocall,,,1,,
+16232072162,Robocall,,,1,,
+12817862029,Robocall,,,1,,
+18555802387,Robocall,,,1,,
+16164004071,Robocall,,,1,,
+18127259809,Robocall,,,1,,
+18154433785,Robocall,,,1,,
+18289202828,Robocall,,,1,,
+18455077940,Robocall,,,1,,
+18505832809,Robocall,,,1,,
+17097530649,Robocall,,,1,,
+12698041278,Robocall,,,1,,
+12818034345,Robocall,,,1,,
+15303593539,Robocall,,,1,,
+18568180863,Robocall,,,1,,
+18138225662,Robocall,,,1,,
+18123473286,Robocall,,,1,,
+17575449490,Robocall,,,1,,
+12814190190,Robocall,,,1,,
+18153626433,Robocall,,,1,,
+19103079170,Robocall,,,1,,
+18666813044,Robocall,,,1,,
+13019179142,Robocall,,,1,,
+18603900897,Robocall,,,1,,
+12818879632,Robocall,,,1,,
+15713664423,Robocall,,,1,,
+17036657888,Robocall,,,1,,
+13149444556,Robocall,,,1,,
+17083810798,Robocall,,,1,,
+12209466833,Robocall,,,1,,
+14782394778,Robocall,,,1,,
+18125121538,Robocall,,,1,,
+19494310390,Robocall,,,1,,
+18574021914,Robocall,,,1,,
+12813408765,Robocall,,,1,,
+16185018517,Robocall,,,1,,
+18889047507,Robocall,,,1,,
+15025165121,Robocall,,,1,,
+19514200995,Robocall,,,1,,
+19727505111,Robocall,,,1,,
+12815321986,Robocall,,,1,,
+18123831780,Robocall,,,1,,
+18776300351,Robocall,,,1,,
+19807284483,Robocall,,,1,,
+16615524590,Robocall,,,1,,
+14783812626,Robocall,,,1,,
+18553415066,Robocall,,,1,,
+13656978932,Robocall,,,1,,
+17733498186,Robocall,,,1,,
+15757288426,Robocall,,,1,,
+12813952888,Robocall,,,1,,
+14198901820,Robocall,,,1,,
+18889044889,Robocall,,,1,,
+18666810653,Robocall,,,1,,
+12814041516,Robocall,,,1,,
+18442015025,Robocall,,,1,,
+12317748340,Robocall,,,1,,
+12722721626,Robocall,,,1,,
+17869987774,Robocall,,,1,,
+12812036009,Robocall,,,1,,
+18452872620,Robocall,,,1,,
+18045529232,Robocall,,,1,,
+18555104386,Robocall,,,1,,
+15202091880,Robocall,,,1,,
+17073246682,Robocall,,,1,,
+12813038987,Robocall,,,1,,
+19294439257,Robocall,,,1,,
+12817085797,Robocall,,,1,,
+19838748743,Robocall,,,1,,
+14787235709,Robocall,,,1,,
+12817682162,Robocall,,,1,,
+13308597277,Robocall,,,1,,
+18056952379,Robocall,,,1,,
+15147311760,Robocall,,,1,,
+12109622773,Robocall,,,1,,
+12813350804,Robocall,,,1,,
+18778681764,Robocall,,,1,,
+18665502969,Robocall,,,1,,
+19514097775,Robocall,,,1,,
+14033653550,Robocall,,,1,,
+18435876407,Robocall,,,1,,
+13236880524,Robocall,,,1,,
+12814665996,Robocall,,,1,,
+14194427827,Robocall,,,1,,
+14753754310,Robocall,,,1,,
+18666810195,Robocall,,,1,,
+18556674134,Robocall,,,1,,
+12363888927,Robocall,,,1,,
+14199540085,Robocall,,,1,,
+12109537289,Robocall,,,1,,
+12817087634,Robocall,,,1,,
+18303703797,Robocall,,,1,,
+12517148854,Robocall,,,1,,
+14787724387,Robocall,,,1,,
+18888486806,Robocall,,,1,,
+15027278754,Robocall,,,1,,
+18633638966,Robocall,,,1,,
+17149512221,Robocall,,,1,,
+12817155506,Robocall,,,1,,
+14802519915,Robocall,,,1,,
+16106185695,Robocall,,,1,,
+18334609830,Robocall,,,1,,
+18889042009,Robocall,,,1,,
+16149601042,Robocall,,,1,,
+12723761629,Robocall,,,1,,
+18335413692,Robocall,,,1,,
+16063708475,Robocall,,,1,,
+19017148854,Robocall,,,1,,
+14704404102,Robocall,,,1,,
+12813671171,Robocall,,,1,,
+18333016982,Robocall,,,1,,
+18553711491,Robocall,,,1,,
+12525812395,Robocall,,,1,,
+12092673568,Robocall,,,1,,
+18883714036,Robocall,,,1,,
+17148824775,Robocall,,,1,,
+12813264787,Robocall,,,1,,
+16202572038,Robocall,,,1,,
+19792762654,Robocall,,,1,,
+12135668690,Robocall,,,1,,
+18042277834,Robocall,,,1,,
+15197813349,Robocall,,,1,,
+15737060330,Robocall,,,1,,
+12145279549,Robocall,,,1,,
+18015250610,Robocall,,,1,,
+15024800647,Robocall,,,1,,
+12815355387,Robocall,,,1,,
+18555202069,Robocall,,,1,,
+19103382460,Robocall,,,1,,
+16028365119,Robocall,,,1,,
+18335750521,Robocall,,,1,,
+12812204368,Robocall,,,1,,
+14842967610,Robocall,,,1,,
+16815000193,Robocall,,,1,,
+12097812374,Robocall,,,1,,
+17868399002,Robocall,,,1,,
+12163661382,Robocall,,,1,,
+12818692061,Robocall,,,1,,
+13239913428,Robocall,,,1,,
+13123826485,Robocall,,,1,,
+16268295232,Robocall,,,1,,
+18446043487,Robocall,,,1,,
+18066528221,Robocall,,,1,,
+12055479504,Robocall,,,1,,
+12819251004,Robocall,,,1,,
+15165503647,Robocall,,,1,,
+18559941311,Robocall,,,1,,
+12066392667,Robocall,,,1,,
+17579078526,Robocall,,,1,,
+18333660127,Robocall,,,1,,
+14847405890,Robocall,,,1,,
+14323218589,Robocall,,,1,,
+19155684449,Robocall,,,1,,
+18339267614,Robocall,,,1,,
+16025466976,Robocall,,,1,,
+19259803229,Robocall,,,1,,
+16268000784,Robocall,,,1,,
+18773922148,Robocall,,,1,,
+18664781358,Robocall,,,1,,
+18179182250,Robocall,,,1,,
+14232164284,Robocall,,,1,,
+18044532539,Robocall,,,1,,
+14166468954,Robocall,,,1,,
+18335413570,Robocall,,,1,,
+18668290990,Robocall,,,1,,
+15712055472,Robocall,,,1,,
+18652306956,Robocall,,,1,,
+16268889576,Robocall,,,1,,
+18782502033,Robocall,,,1,,
+16268787748,Robocall,,,1,,
+19143266279,Robocall,,,1,,
+17203046651,Robocall,,,1,,
+18338394998,Robocall,,,1,,
+12515312293,Robocall,,,1,,
+18445101667,Robocall,,,1,,
+14782055697,Robocall,,,1,,
+19716342481,Robocall,,,1,,
+16023967468,Robocall,,,1,,
+14506264035,Robocall,,,1,,
+19053997523,Robocall,,,1,,
+15055104445,Robocall,,,1,,
+16266636149,Robocall,,,1,,
+18449586123,Robocall,,,1,,
+12122795150,Robocall,,,1,,
+13602418330,Robocall,,,1,,
+18458185054,Robocall,,,1,,
+14242045581,Robocall,,,1,,
+18333806663,Robocall,,,1,,
+16692014349,Robocall,,,1,,
+14055678190,Robocall,,,1,,
+17866486239,Robocall,,,1,,
+18042948135,Robocall,,,1,,
+16513211758,Robocall,,,1,,
+15618618867,Robocall,,,1,,
+15305072471,Robocall,,,1,,
+13134761371,Robocall,,,1,,
+15024699113,Robocall,,,1,,
+18562775338,Robocall,,,1,,
+14432679632,Robocall,,,1,,
+12514166564,Robocall,,,1,,
+14252916093,Robocall,,,1,,
+18664782015,Robocall,,,1,,
+18556332096,Robocall,,,1,,
+19376857161,Robocall,,,1,,
+12173360795,Robocall,,,1,,
+18557330666,Robocall,,,1,,
+13185086982,Robocall,,,1,,
+16187178950,Robocall,,,1,,
+17173142767,Robocall,,,1,,
+15757494606,Robocall,,,1,,
+15734988946,Robocall,,,1,,
+18197611408,Robocall,,,1,,
+18033470723,Robocall,,,1,,
+12813936128,Robocall,,,1,,
+19254964821,Robocall,,,1,,
+15205403998,Robocall,,,1,,
+18722633464,Robocall,,,1,,
+18884186948,Robocall,,,1,,
+15184888844,Robocall,,,1,,
+19412835556,Robocall,,,1,,
+19545463654,Robocall,,,1,,
+15758425824,Robocall,,,1,,
+18772974711,Robocall,,,1,,
+18709673813,Robocall,,,1,,
+14788001752,Robocall,,,1,,
+18574027269,Robocall,,,1,,
+15026594660,Robocall,,,1,,
+18179639099,Robocall,,,1,,
+14704869866,Robocall,,,1,,
+18557295113,Robocall,,,1,,
+14025998753,Robocall,,,1,,
+15155349180,Robocall,,,1,,
+15094016783,Robocall,,,1,,
+19493688981,Robocall,,,1,,
+18333536309,Robocall,,,1,,
+14322265624,Robocall,,,1,,
+15013928503,Robocall,,,1,,
+17242631232,Robocall,,,1,,
+14433801959,Robocall,,,1,,
+13129678068,Robocall,,,1,,
+14242090682,Robocall,,,1,,
+18334229457,Robocall,,,1,,
+18014754216,Robocall,,,1,,
+15147444275,Robocall,,,1,,
+19419446972,Robocall,,,1,,
+13025004810,Robocall,,,1,,
+18139918700,Robocall,,,1,,
+15716670371,Robocall,,,1,,
+18662204694,Robocall,,,1,,
+18562773069,Robocall,,,1,,
+18775680021,Robocall,,,1,,
+14782947981,Robocall,,,1,,
+17152278926,Robocall,,,1,,
+17782222549,Robocall,,,1,,
+18125130340,Robocall,,,1,,
+15013052347,Robocall,,,1,,
+14075866124,Robocall,,,1,,
+18332536317,Robocall,,,1,,
+14435639833,Robocall,,,1,,
+16073832496,Robocall,,,1,,
+18622616635,Robocall,,,1,,
+12058430336,Robocall,,,1,,
+16512999113,Robocall,,,1,,
+14045689651,Robocall,,,1,,
+13692256872,Robocall,,,1,,
+19492030756,Robocall,,,1,,
+16163488122,Robocall,,,1,,
+17196991811,Robocall,,,1,,
+18643325462,Robocall,,,1,,
+18608013492,Robocall,,,1,,
+18583929088,Robocall,,,1,,
+19707138705,Robocall,,,1,,
+16182984873,Robocall,,,1,,
+19382043435,Robocall,,,1,,
+18446960606,Robocall,,,1,,
+18152877359,Robocall,,,1,,
+13262087788,Robocall,,,1,,
+18574027211,Robocall,,,1,,
+14048659377,Robocall,,,1,,
+16163425676,Robocall,,,1,,
+15205674729,Robocall,,,1,,
+18554941046,Robocall,,,1,,
+18562779633,Robocall,,,1,,
+16825638217,Robocall,,,1,,
+16283863988,Robocall,,,1,,
+18457880946,Robocall,,,1,,
+18446960744,Robocall,,,1,,
+18447241859,Robocall,,,1,,
+13034745317,Robocall,,,1,,
+15418575930,Robocall,,,1,,
+15024694189,Robocall,,,1,,
+19417248145,Robocall,,,1,,
+18335154630,Robocall,,,1,,
+13036470010,Robocall,,,1,,
+14042246903,Robocall,,,1,,
+14784145113,Robocall,,,1,,
+18574029948,Robocall,,,1,,
+18334273540,Robocall,,,1,,
+14164761038,Robocall,,,1,,
+12174920508,Robocall,,,1,,
+16624453297,Robocall,,,1,,
+18662104753,Robocall,,,1,,
+19023521166,Robocall,,,1,,
+19092980226,Robocall,,,1,,
+19706581875,Robocall,,,1,,
+18623213381,Robocall,,,1,,
+14045344338,Robocall,,,1,,
+13239865423,Robocall,,,1,,
+12673009415,Robocall,,,1,,
+14358680505,Robocall,,,1,,
+18312436285,Robocall,,,1,,
+14437858651,Robocall,,,1,,
+18134201069,Robocall,,,1,,
+19072709140,Robocall,,,1,,
+15862572168,Robocall,,,1,,
+17086803402,Robocall,,,1,,
+18256510438,Robocall,,,1,,
+14174468804,Robocall,,,1,,
+14045345499,Robocall,,,1,,
+19804128377,Robocall,,,1,,
+17247028598,Robocall,,,1,,
+14435639824,Robocall,,,1,,
+12505821224,Robocall,,,1,,
+12049930079,Robocall,,,1,,
+18334273572,Robocall,,,1,,
+18475586233,Robocall,,,1,,
+18048891356,Robocall,,,1,,
+14045344162,Robocall,,,1,,
+14435639119,Robocall,,,1,,
+15045523049,Robocall,,,1,,
+13465560493,Robocall,,,1,,
+18776563374,Robocall,,,1,,
+13033405724,Robocall,,,1,,
+18722313717,Robocall,,,1,,
+18565849364,Robocall,,,1,,
+12704008827,Robocall,,,1,,
+14044757958,Robocall,,,1,,
+15028795865,Robocall,,,1,,
+18322241982,Robocall,,,1,,
+14045345780,Robocall,,,1,,
+18337289822,Robocall,,,1,,
+15672063036,Robocall,,,1,,
+18775103726,Robocall,,,1,,
+12484531436,Robocall,,,1,,
+13302240511,Robocall,,,1,,
+18723821808,Robocall,,,1,,
+16575407345,Robocall,,,1,,
+12313596909,Robocall,,,1,,
+14434099292,Robocall,,,1,,
+15418971065,Robocall,,,1,,
+18475000646,Robocall,,,1,,
+15306021991,Robocall,,,1,,
+14045344335,Robocall,,,1,,
+16519274804,Robocall,,,1,,
+13163524861,Robocall,,,1,,
+16098845445,Robocall,,,1,,
+19848849665,Robocall,,,1,,
+14045345058,Robocall,,,1,,
+15742939752,Robocall,,,1,,
+15109163091,Robocall,,,1,,
+19016698026,Robocall,,,1,,
+15152727737,Robocall,,,1,,
+12165162036,Robocall,,,1,,
+18572272346,Robocall,,,1,,
+14175264520,Robocall,,,1,,
+17602589875,Robocall,,,1,,
+15013913960,Robocall,,,1,,
+18064327756,Robocall,,,1,,
+19176942916,Robocall,,,1,,
+12813780908,Robocall,,,1,,
+19378294140,Robocall,,,1,,
+15028796539,Robocall,,,1,,
+18334271570,Robocall,,,1,,
+15743345124,Robocall,,,1,,
+19733217116,Robocall,,,1,,
+18884186870,Robocall,,,1,,
+13863603379,Robocall,,,1,,
+12084455138,Robocall,,,1,,
+14253711591,Robocall,,,1,,
+18885401663,Robocall,,,1,,
+18773536232,Robocall,,,1,,
+14079466256,Robocall,,,1,,
+13175604107,Robocall,,,1,,
+14752334467,Robocall,,,1,,
+17249205967,Robocall,,,1,,
+14045345478,Robocall,,,1,,
+19147046824,Robocall,,,1,,
+18338623695,Robocall,,,1,,
+18666810942,Robocall,,,1,,
+18666371930,Robocall,,,1,,
+14045345530,Robocall,,,1,,
+12393940649,Robocall,,,1,,
+17148393196,Robocall,,,1,,
+14802437758,Robocall,,,1,,
+18009162255,Robocall,,,1,,
+16615121252,Robocall,,,1,,
+18144722855,Robocall,,,1,,
+12816655923,Robocall,,,1,,
+18156260940,Robocall,,,1,,
+18483598654,Robocall,,,1,,
+14342551727,Robocall,,,1,,
+16025293490,Robocall,,,1,,
+14072148517,Robocall,,,1,,
+16313134186,Robocall,,,1,,
+18667939371,Robocall,,,1,,
+19134123902,Robocall,,,1,,
+16233019464,Robocall,,,1,,
+15024533608,Robocall,,,1,,
+14022198511,Robocall,,,1,,
+17743109718,Robocall,,,1,,
+14045214286,Robocall,,,1,,
+13365337833,Robocall,,,1,,
+19732938001,Robocall,,,1,,
+13868782759,Robocall,,,1,,
+14702938026,Robocall,,,1,,
+19128006660,Robocall,,,1,,
+18886949215,Robocall,,,1,,
+16178265171,Robocall,,,1,,
+17197189323,Robocall,,,1,,
+19289699499,Robocall,,,1,,
+16503621872,Robocall,,,1,,
+18337113940,Robocall,,,1,,
+16018421538,Robocall,,,1,,
+17378883806,Robocall,,,1,,
+19707940460,Robocall,,,1,,
+18647529682,Robocall,,,1,,
+17272686239,Robocall,,,1,,
+14173970376,Robocall,,,1,,
+18338120792,Robocall,,,1,,
+18889041865,Robocall,,,1,,
+18668000697,Robocall,,,1,,
+17752068473,Robocall,,,1,,
+14702932907,Robocall,,,1,,
+17323750789,Robocall,,,1,,
+14126937867,Robocall,,,1,,
+18777203193,Robocall,,,1,,
+18025327064,Robocall,,,1,,
+18174840917,Robocall,,,1,,
+15675880713,Robocall,,,1,,
+19855292974,Robocall,,,1,,
+13106918921,Robocall,,,1,,
+18047895746,Robocall,,,1,,
+17633032567,Robocall,,,1,,
+19415849640,Robocall,,,1,,
+12022212987,Robocall,,,1,,
+18178932406,Robocall,,,1,,
+13252851564,Robocall,,,1,,
+18667716045,Robocall,,,1,,
+19147046456,Robocall,,,1,,
+17249205466,Robocall,,,1,,
+15394242034,Robocall,,,1,,
+18772369361,Robocall,,,1,,
+19046449562,Robocall,,,1,,
+19015998922,Robocall,,,1,,
+14256580428,Robocall,,,1,,
+16164380840,Robocall,,,1,,
+18665570181,Robocall,,,1,,
+14435175629,Robocall,,,1,,
+16679307497,Robocall,,,1,,
+19312196225,Robocall,,,1,,
+17152903984,Robocall,,,1,,
+12393293849,Robocall,,,1,,
+15642013170,Robocall,,,1,,
+18553432219,Robocall,,,1,,
+18557570292,Robocall,,,1,,
+17722489414,Robocall,,,1,,
+18334596774,Robocall,,,1,,
+13866888893,Robocall,,,1,,
+14254407718,Robocall,,,1,,
+14257480260,Robocall,,,1,,
+16188873684,Robocall,,,1,,
+14706867410,Robocall,,,1,,
+15023349478,Robocall,,,1,,
+13412503918,Robocall,,,1,,
+16038744503,Robocall,,,1,,
+18102079630,Robocall,,,1,,
+18157254359,Robocall,,,1,,
+16203028760,Robocall,,,1,,
+18174097775,Robocall,,,1,,
+12029846041,Robocall,,,1,,
+15205403889,Robocall,,,1,,
+19389882782,Robocall,,,1,,
+15873575634,Robocall,,,1,,
+19497991349,Robocall,,,1,,
+16162805678,Robocall,,,1,,
+15134402243,Robocall,,,1,,
+18335922904,Robocall,,,1,,
+17083961566,Robocall,,,1,,
+12317908805,Robocall,,,1,,
+18599976866,Robocall,,,1,,
+19452233504,Robocall,,,1,,
+13167867107,Robocall,,,1,,
+12012542583,Robocall,,,1,,
+18048858985,Robocall,,,1,,
+13036847346,Robocall,,,1,,
+14403376892,Robocall,,,1,,
+14054338952,Robocall,,,1,,
+12068955369,Robocall,,,1,,
+13159198294,Robocall,,,1,,
+14437432176,Robocall,,,1,,
+18133361713,Robocall,,,1,,
+12142334670,Robocall,,,1,,
+15745985165,Robocall,,,1,,
+19288880059,Robocall,,,1,,
+15712872257,Robocall,,,1,,
+16028366103,Robocall,,,1,,
+15026737974,Robocall,,,1,,
+18284544733,Robocall,,,1,,
+19143039678,Robocall,,,1,,
+14049682752,Robocall,,,1,,
+16126655434,Robocall,,,1,,
+14259619936,Robocall,,,1,,
+14484138482,Robocall,,,1,,
+17193928065,Robocall,,,1,,
+18157367580,Robocall,,,1,,
+18885393109,Robocall,,,1,,
+17752245339,Robocall,,,1,,
+18599098335,Robocall,,,1,,
+18669094458,Robocall,,,1,,
+18673902278,Robocall,,,1,,
+16094224715,Robocall,,,1,,
+18589018648,Robocall,,,1,,
+18334273181,Robocall,,,1,,
+18772477967,Robocall,,,1,,
+19098535032,Robocall,,,1,,
+12692258182,Robocall,,,1,,
+17622490627,Robocall,,,1,,
+19569932809,Robocall,,,1,,
+17658269676,Robocall,,,1,,
+15066992312,Robocall,,,1,,
+16106106368,Robocall,,,1,,
+19172107464,Robocall,,,1,,
+14109651234,Robocall,,,1,,
+18647549652,Robocall,,,1,,
+17576109562,Robocall,,,1,,
+12703326837,Robocall,,,1,,
+18447241279,Robocall,,,1,,
+19208432260,Robocall,,,1,,
+16314295664,Robocall,,,1,,
+13048036164,Robocall,,,1,,
+19593456082,Robocall,,,1,,
+15408891073,Robocall,,,1,,
+19542877177,Robocall,,,1,,
+18446043881,Robocall,,,1,,
+13048363210,Robocall,,,1,,
+14157357606,Robocall,,,1,,
+13208884399,Robocall,,,1,,
+17706577234,Robocall,,,1,,
+17273543290,Robocall,,,1,,
+19294284472,Robocall,,,1,,
+15813635493,Robocall,,,1,,
+12086187605,Robocall,,,1,,
+18336566067,Robocall,,,1,,
+14144373979,Robocall,,,1,,
+18447921167,Robocall,,,1,,
+17193619727,Robocall,,,1,,
+18777362066,Robocall,,,1,,
+18064874723,Robocall,,,1,,
+17702753803,Robocall,,,1,,
+18668814225,Robocall,,,1,,
+14142852267,Robocall,,,1,,
+19056815101,Robocall,,,1,,
+17576320950,Robocall,,,1,,
+14253499987,Robocall,,,1,,
+19154004007,Robocall,,,1,,
+13313423635,Robocall,,,1,,
+17702648525,Robocall,,,1,,
+19162221972,Robocall,,,1,,
+18773050141,Robocall,,,1,,
+19566671477,Robocall,,,1,,
+13466515100,Robocall,,,1,,
+14355257672,Robocall,,,1,,
+17242568663,Robocall,,,1,,
+18556703808,Robocall,,,1,,
+17707413657,Robocall,,,1,,
+14144375643,Robocall,,,1,,
+19494284472,Robocall,,,1,,
+14093388461,Robocall,,,1,,
+17706577080,Robocall,,,1,,
+18336044238,Robocall,,,1,,
+19046947818,Robocall,,,1,,
+16822334231,Robocall,,,1,,
+18723636253,Robocall,,,1,,
+18138240840,Robocall,,,1,,
+18554903285,Robocall,,,1,,
+12676965896,Robocall,,,1,,
+17706258351,Robocall,,,1,,
+18555693013,Robocall,,,1,,
+18886539812,Robocall,,,1,,
+17756288132,Robocall,,,1,,
+17345848997,Robocall,,,1,,
+19855178560,Robocall,,,1,,
+18437736854,Robocall,,,1,,
+18558051069,Robocall,,,1,,
+17708584497,Robocall,,,1,,
+19432745070,Robocall,,,1,,
+15615708959,Robocall,,,1,,
+16615511299,Robocall,,,1,,
+18335754086,Robocall,,,1,,
+18663231239,Robocall,,,1,,
+15183168877,Robocall,,,1,,
+15809494306,Robocall,,,1,,
+18389460515,Robocall,,,1,,
+16478720716,Robocall,,,1,,
+16193670296,Robocall,,,1,,
+14706002749,Robocall,,,1,,
+14343711105,Robocall,,,1,,
+18583587636,Robocall,,,1,,
+14057563263,Robocall,,,1,,
+19738527133,Robocall,,,1,,
+17707497673,Robocall,,,1,,
+12515313506,Robocall,,,1,,
+18778389344,Robocall,,,1,,
+19049152873,Robocall,,,1,,
+18506952392,Robocall,,,1,,
+13373519793,Robocall,,,1,,
+18133239784,Robocall,,,1,,
+12525021735,Robocall,,,1,,
+17702154890,Robocall,,,1,,
+14508527323,Robocall,,,1,,
+15593368056,Robocall,,,1,,
+16592202661,Robocall,,,1,,
+18885309141,Robocall,,,1,,
+18337839954,Robocall,,,1,,
+17148448097,Robocall,,,1,,
+18509123400,Robocall,,,1,,
+17706728624,Robocall,,,1,,
+16392796540,Robocall,,,1,,
+12605432768,Robocall,,,1,,
+19124747491,Robocall,,,1,,
+15313192406,Robocall,,,1,,
+19376371256,Robocall,,,1,,
+17573363954,Robocall,,,1,,
+14144379170,Robocall,,,1,,
+15852613913,Robocall,,,1,,
+18332724751,Robocall,,,1,,
+19287149589,Robocall,,,1,,
+13187918760,Robocall,,,1,,
+17192823299,Robocall,,,1,,
+13105653818,Robocall,,,1,,
+12544284454,Robocall,,,1,,
+19782966918,Robocall,,,1,,
+12067850024,Robocall,,,1,,
+13072741948,Robocall,,,1,,
+18184125201,Robocall,,,1,,
+14502050197,Robocall,,,1,,
+16514195886,Robocall,,,1,,
+14784661709,Robocall,,,1,,
+19284044800,Robocall,,,1,,
+15733192406,Robocall,,,1,,
+18554940945,Robocall,,,1,,
+18166764582,Robocall,,,1,,
+12109178593,Robocall,,,1,,
+18398006960,Robocall,,,1,,
+19512090078,Robocall,,,1,,
+16149600989,Robocall,,,1,,
+19723666015,Robocall,,,1,,
+17712329566,Robocall,,,1,,
+16126655661,Robocall,,,1,,
+19512237324,Robocall,,,1,,
+14238527323,Robocall,,,1,,
+14723005625,Robocall,,,1,,
+13468871742,Robocall,,,1,,
+19083731961,Robocall,,,1,,
+12896720088,Robocall,,,1,,
+16572464039,Robocall,,,1,,
+14754543698,Robocall,,,1,,
+18663089549,Robocall,,,1,,
+13018231009,Robocall,,,1,,
+13166130226,Robocall,,,1,,
+15024699311,Robocall,,,1,,
+12543092716,Robocall,,,1,,
+19168393398,Robocall,,,1,,
+15716780488,Robocall,,,1,,
+19034760494,Robocall,,,1,,
+12792885240,Robocall,,,1,,
+19287747489,Robocall,,,1,,
+18172073773,Robocall,,,1,,
+18555692050,Robocall,,,1,,
+17062003669,Robocall,,,1,,
+15024800620,Robocall,,,1,,
+17603649334,Robocall,,,1,,
+17744890179,Robocall,,,1,,
+19282262618,Robocall,,,1,,
+15615942499,Robocall,,,1,,
+16295005339,Robocall,,,1,,
+15205975840,Robocall,,,1,,
+16576265803,Robocall,,,1,,
+18173578985,Robocall,,,1,,
+15806486101,Robocall,,,1,,
+15023347347,Robocall,,,1,,
+14432960327,Robocall,,,1,,
+13204363321,Robocall,,,1,,
+19288526314,Robocall,,,1,,
+18049698254,Robocall,,,1,,
+14072036136,Robocall,,,1,,
+16576862251,Robocall,,,1,,
+12244451678,Robocall,,,1,,
+18546006170,Robocall,,,1,,
+15208335620,Robocall,,,1,,
+14325841163,Robocall,,,1,,
+17329525599,Robocall,,,1,,
+16232959590,Robocall,,,1,,
+15875097490,Robocall,,,1,,
+18333734580,Robocall,,,1,,
+18039307527,Robocall,,,1,,
+19286286992,Robocall,,,1,,
+15075545383,Robocall,,,1,,
+18448274348,Robocall,,,1,,
+18572024005,Robocall,,,1,,
+19783571164,Robocall,,,1,,
+16302998668,Robocall,,,1,,
+18253170758,Robocall,,,1,,
+19493232914,Robocall,,,1,,
+19282163182,Robocall,,,1,,
+18663825761,Robocall,,,1,,
+17148315706,Robocall,,,1,,
+17869495929,Robocall,,,1,,
+18137617568,Robocall,,,1,,
+18048250144,Robocall,,,1,,
+12162430311,Robocall,,,1,,
+18665501683,Robocall,,,1,,
+19402787304,Robocall,,,1,,
+17052089306,Robocall,,,1,,
+18557978175,Robocall,,,1,,
+14755005453,Robocall,,,1,,
+16576083322,Robocall,,,1,,
+19282646194,Robocall,,,1,,
+19054108087,Robocall,,,1,,
+18334416260,Robocall,,,1,,
+19283456534,Robocall,,,1,,
+19493328526,Robocall,,,1,,
+13858740845,Robocall,,,1,,
+12293249596,Robocall,,,1,,
+17432036968,Robocall,,,1,,
+14806720062,Robocall,,,1,,
+18555692851,Robocall,,,1,,
+17154305940,Robocall,,,1,,
+19284924297,Robocall,,,1,,
+15187321115,Robocall,,,1,,
+18708004015,Robocall,,,1,,
+18773730460,Robocall,,,1,,
+18108801803,Robocall,,,1,,
+14783058209,Robocall,,,1,,
+12543628894,Robocall,,,1,,
+16183231844,Robocall,,,1,,
+19296171167,Robocall,,,1,,
+19284264753,Robocall,,,1,,
+18664411972,Robocall,,,1,,
+12292858683,Robocall,,,1,,
+12179787839,Robocall,,,1,,
+18452417409,Robocall,,,1,,
+14169804540,Robocall,,,1,,
+17147391176,Robocall,,,1,,
+14433999429,Robocall,,,1,,
+14013852819,Robocall,,,1,,
+18665309686,Robocall,,,1,,
+13303437638,Robocall,,,1,,
+16419000194,Robocall,,,1,,
+12164603631,Robocall,,,1,,
+19736298974,Robocall,,,1,,
+16576083422,Robocall,,,1,,
+13187805601,Robocall,,,1,,
+16126655854,Robocall,,,1,,
+18777881453,Robocall,,,1,,
+16138757431,Robocall,,,1,,
+12294711658,Robocall,,,1,,
+13109656395,Robocall,,,1,,
+18288676009,Robocall,,,1,,
+14503416800,Robocall,,,1,,
+14256209853,Robocall,,,1,,
+12254686340,Robocall,,,1,,
+17088093616,Robocall,,,1,,
+19543711867,Robocall,,,1,,
+18703066013,Robocall,,,1,,
+15026610240,Robocall,,,1,,
+19852383525,Robocall,,,1,,
+17047274568,Robocall,,,1,,
+12293496376,Robocall,,,1,,
+18444877738,Robocall,,,1,,
+16314894976,Robocall,,,1,,
+18335110797,Robocall,,,1,,
+18444492959,Robocall,,,1,,
+14387030549,Robocall,,,1,,
+15705621891,Robocall,,,1,,
+15706892178,Robocall,,,1,,
+18175344216,Robocall,,,1,,
+13309632623,Robocall,,,1,,
+18773912978,Robocall,,,1,,
+13212735350,Robocall,,,1,,
+15017434930,Robocall,,,1,,
+19412547925,Robocall,,,1,,
+15702098941,Robocall,,,1,,
+19294936526,Robocall,,,1,,
+15089388527,Robocall,,,1,,
+18775341059,Robocall,,,1,,
+15702823470,Robocall,,,1,,
+17817806953,Robocall,,,1,,
+13187804485,Robocall,,,1,,
+17704027680,Robocall,,,1,,
+18663424391,Robocall,,,1,,
+19172837736,Robocall,,,1,,
+18706410791,Robocall,,,1,,
+15165495871,Robocall,,,1,,
+18332803581,Robocall,,,1,,
+19108698032,Robocall,,,1,,
+15705031671,Robocall,,,1,,
+15028620183,Robocall,,,1,,
+13308185266,Robocall,,,1,,
+18705690649,Robocall,,,1,,
+14753875527,Robocall,,,1,,
+19857927972,Robocall,,,1,,
+18555840189,Robocall,,,1,,
+19175907921,Robocall,,,1,,
+18108816340,Robocall,,,1,,
+15704575877,Robocall,,,1,,
+18338319067,Robocall,,,1,,
+15206573358,Robocall,,,1,,
+12178349965,Robocall,,,1,,
+14022016185,Robocall,,,1,,
+15153827514,Robocall,,,1,,
+12288006221,Robocall,,,1,,
+13374535965,Robocall,,,1,,
+18042104238,Robocall,,,1,,
+15138405191,Robocall,,,1,,
+18089908241,Robocall,,,1,,
+17144614019,Robocall,,,1,,
+18777041242,Robocall,,,1,,
+18705690732,Robocall,,,1,,
+18338913480,Robocall,,,1,,
+19367605800,Robocall,,,1,,
+17157281800,Robocall,,,1,,
+18774700163,Robocall,,,1,,
+18709856856,Robocall,,,1,,
+17745517778,Robocall,,,1,,
+17712531640,Robocall,,,1,,
+15024533525,Robocall,,,1,,
+18312187931,Robocall,,,1,,
+18452694771,Robocall,,,1,,
+15879212494,Robocall,,,1,,
+18555802560,Robocall,,,1,,
+18706410565,Robocall,,,1,,
+19134534423,Robocall,,,1,,
+16073089436,Robocall,,,1,,
+12704008417,Robocall,,,1,,
+18706410941,Robocall,,,1,,
+16048682483,Robocall,,,1,,
+16415757499,Robocall,,,1,,
+18283834532,Robocall,,,1,,
+12266967881,Robocall,,,1,,
+19039809668,Robocall,,,1,,
+12164242963,Robocall,,,1,,
+18884217965,Robocall,,,1,,
+19549888463,Robocall,,,1,,
+18772404305,Robocall,,,1,,
+18775341275,Robocall,,,1,,
+18663983312,Robocall,,,1,,
+12287970459,Robocall,,,1,,
+18332848198,Robocall,,,1,,
+18334400528,Robocall,,,1,,
+17047029321,Robocall,,,1,,
+12056849835,Robocall,,,1,,
+18773913272,Robocall,,,1,,
+15312368945,Robocall,,,1,,
+18176784986,Robocall,,,1,,
+13306337946,Robocall,,,1,,
+17784739109,Robocall,,,1,,
+18332185216,Robocall,,,1,,
+12566722476,Robocall,,,1,,
+14049069275,Robocall,,,1,,
+18776463267,Robocall,,,1,,
+17074055430,Robocall,,,1,,
+17183404053,Robocall,,,1,,
+18382461163,Robocall,,,1,,
+14808560546,Robocall,,,1,,
+18009662046,Robocall,,,1,,
+15752622830,Robocall,,,1,,
+17712535630,Robocall,,,1,,
+18333583918,Robocall,,,1,,
+14503002629,Robocall,,,1,,
+12068045550,Robocall,,,1,,
+12136549802,Robocall,,,1,,
+14046980314,Robocall,,,1,,
+17576490357,Robocall,,,1,,
+18338496498,Robocall,,,1,,
+13858654164,Robocall,,,1,,
+18607848487,Robocall,,,1,,
+15612508910,Robocall,,,1,,
+19702874012,Robocall,,,1,,
+14697318037,Robocall,,,1,,
+15128937023,Robocall,,,1,,
+19086730534,Robocall,,,1,,
+16282729496,Robocall,,,1,,
+18335154765,Robocall,,,1,,
+18776811216,Robocall,,,1,,
+18017816173,Robocall,,,1,,
+16602480970,Robocall,,,1,,
+17373640437,Robocall,,,1,,
+12165309529,Robocall,,,1,,
+12103908052,Robocall,,,1,,
+18195131371,Robocall,,,1,,
+12543541529,Robocall,,,1,,
+14434059398,Robocall,,,1,,
+12142564610,Robocall,,,1,,
+19294772121,Robocall,,,1,,
+18386680148,Robocall,,,1,,
+19132460704,Robocall,,,1,,
+12023819895,Robocall,,,1,,
+15028796135,Robocall,,,1,,
+15024536155,Robocall,,,1,,
+12037016749,Robocall,,,1,,
+18335312005,Robocall,,,1,,
+12487265526,Robocall,,,1,,
+16826222356,Robocall,,,1,,
+19292411814,Robocall,,,1,,
+12143960451,Robocall,,,1,,
+17242822440,Robocall,,,1,,
+18567548542,Robocall,,,1,,
+18017688250,Robocall,,,1,,
+15023349423,Robocall,,,1,,
+15173564720,Robocall,,,1,,
+15703383651,Robocall,,,1,,
+13374543804,Robocall,,,1,,
+18019233731,Robocall,,,1,,
+12034339162,Robocall,,,1,,
+18885457880,Robocall,,,1,,
+19498056844,Robocall,,,1,,
+19035461383,Robocall,,,1,,
+19543356058,Robocall,,,1,,
+18664412867,Robocall,,,1,,
+19852730959,Robocall,,,1,,
+13322160886,Robocall,,,1,,
+13372224158,Robocall,,,1,,
+13346326887,Robocall,,,1,,
+14315000838,Robocall,,,1,,
+18337836521,Robocall,,,1,,
+18557115640,Robocall,,,1,,
+18009505114,Robocall,,,1,,
+19722901612,Robocall,,,1,,
+18483237712,Robocall,,,1,,
+17579149675,Robocall,,,1,,
+14437069085,Robocall,,,1,,
+18556095515,Robocall,,,1,,
+15302132109,Robocall,,,1,,
+17736495193,Robocall,,,1,,
+12095847525,Robocall,,,1,,
+12133762162,Robocall,,,1,,
+18704103467,Robocall,,,1,,
+14434126417,Robocall,,,1,,
+18737030040,Robocall,,,1,,
+19174236301,Robocall,,,1,,
+18669231419,Robocall,,,1,,
+12083301636,Robocall,,,1,,
+15595994154,Robocall,,,1,,
+14252075285,Robocall,,,1,,
+19855311647,Robocall,,,1,,
+18008130653,Robocall,,,1,,
+17712549668,Robocall,,,1,,
+15034006685,Robocall,,,1,,
+17346215756,Robocall,,,1,,
+12086888206,Robocall,,,1,,
+16627994620,Robocall,,,1,,
+17029703019,Robocall,,,1,,
+17077337877,Robocall,,,1,,
+13067024178,Robocall,,,1,,
+19025595366,Robocall,,,1,,
+18647131547,Robocall,,,1,,
+12066250487,Robocall,,,1,,
+12815767523,Robocall,,,1,,
+15873324517,Robocall,,,1,,
+15752990690,Robocall,,,1,,
+17854588588,Robocall,,,1,,
+15087728146,Robocall,,,1,,
+12569699796,Robocall,,,1,,
+12315873195,Robocall,,,1,,
+12792299380,Robocall,,,1,,
+18137429893,Robocall,,,1,,
+16093621060,Robocall,,,1,,
+17743892173,Robocall,,,1,,
+12362167337,Robocall,,,1,,
+13379057054,Robocall,,,1,,
+19377045596,Robocall,,,1,,
+12013618722,Robocall,,,1,,
+14804375097,Robocall,,,1,,
+15087485409,Robocall,,,1,,
+18632473952,Robocall,,,1,,
+18455609013,Robocall,,,1,,
+18775804236,Robocall,,,1,,
+17806045438,Robocall,,,1,,
+16622475853,Robocall,,,1,,
+17802253977,Robocall,,,1,,
+15204160255,Robocall,,,1,,
+17742471230,Robocall,,,1,,
+14806093352,Robocall,,,1,,
+18622251150,Robocall,,,1,,
+16104390720,Robocall,,,1,,
+18459482748,Robocall,,,1,,
+16318377183,Robocall,,,1,,
+18773040614,Robocall,,,1,,
+18446761110,Robocall,,,1,,
+19857258387,Robocall,,,1,,
+16178330937,Robocall,,,1,,
+14504977812,Robocall,,,1,,
+13476447090,Robocall,,,1,,
+16099314011,Robocall,,,1,,
+17743361098,Robocall,,,1,,
+17044138383,Robocall,,,1,,
+19708806757,Robocall,,,1,,
+16828953538,Robocall,,,1,,
+13376345630,Robocall,,,1,,
+15066992522,Robocall,,,1,,
+18883580073,Robocall,,,1,,
+15084694146,Robocall,,,1,,
+18103534077,Robocall,,,1,,
+17203042154,Robocall,,,1,,
+14144376783,Robocall,,,1,,
+18138239387,Robocall,,,1,,
+14236707399,Robocall,,,1,,
+18335102679,Robocall,,,1,,
+19297096648,Robocall,,,1,,
+15409221384,Robocall,,,1,,
+13037121837,Robocall,,,1,,
+14706975461,Robocall,,,1,,
+14703186924,Robocall,,,1,,
+15084694239,Robocall,,,1,,
+18666812871,Robocall,,,1,,
+15084694152,Robocall,,,1,,
+14242046291,Robocall,,,1,,
+14302436277,Robocall,,,1,,
+18045991875,Robocall,,,1,,
+13374443788,Robocall,,,1,,
+18887570395,Robocall,,,1,,
+18663242832,Robocall,,,1,,
+15084698544,Robocall,,,1,,
+17148448083,Robocall,,,1,,
+18324564681,Robocall,,,1,,
+15024699535,Robocall,,,1,,
+19098453470,Robocall,,,1,,
+12704131815,Robocall,,,1,,
+18334608034,Robocall,,,1,,
+17788079460,Robocall,,,1,,
+15206576675,Robocall,,,1,,
+18382851821,Robocall,,,1,,
+19785069189,Robocall,,,1,,
+17148449776,Robocall,,,1,,
+14079824798,Robocall,,,1,,
+17138480547,Robocall,,,1,,
+18552261020,Robocall,,,1,,
+18107716631,Robocall,,,1,,
+12172922726,Robocall,,,1,,
+13026005790,Robocall,,,1,,
+13213216240,Robocall,,,1,,
+18007879437,Robocall,,,1,,
+13478924990,Robocall,,,1,,
+18102706160,Robocall,,,1,,
+13028663592,Robocall,,,1,,
+16576265262,Robocall,,,1,,
+13219866538,Robocall,,,1,,
+17272651083,Robocall,,,1,,
+18443358230,Robocall,,,1,,
+13303215578,Robocall,,,1,,
+13862916127,Robocall,,,1,,
+17033483067,Robocall,,,1,,
+17602109907,Robocall,,,1,,
+19093084902,Robocall,,,1,,
+14014027249,Robocall,,,1,,
+17632207708,Robocall,,,1,,
+18553711151,Robocall,,,1,,
+12095813784,Robocall,,,1,,
+18777103554,Robocall,,,1,,
+16672022534,Robocall,,,1,,
+17029816859,Robocall,,,1,,
+18884218204,Robocall,,,1,,
+18582390964,Robocall,,,1,,
+12395121165,Robocall,,,1,,
+19039194398,Robocall,,,1,,
+15028629910,Robocall,,,1,,
+18564949867,Robocall,,,1,,
+19163782099,Robocall,,,1,,
+12084708565,Robocall,,,1,,
+15487620730,Robocall,,,1,,
+18669516485,Robocall,,,1,,
+19343335942,Robocall,,,1,,
+18565993438,Robocall,,,1,,
+12536425935,Robocall,,,1,,
+18323409769,Robocall,,,1,,
+15748897315,Robocall,,,1,,
+14254624026,Robocall,,,1,,
+14039817621,Robocall,,,1,,
+18168568773,Robocall,,,1,,
+15028624358,Robocall,,,1,,
+12168556133,Robocall,,,1,,
+15814777585,Robocall,,,1,,
+18137617611,Robocall,,,1,,
+18335225844,Robocall,,,1,,
+15707950623,Robocall,,,1,,
+19169137746,Robocall,,,1,,
+17069836040,Robocall,,,1,,
+13372161019,Robocall,,,1,,
+16313593560,Robocall,,,1,,
+18554940441,Robocall,,,1,,
+12532707243,Robocall,,,1,,
+12392689003,Robocall,,,1,,
+13035710176,Robocall,,,1,,
+12694436010,Robocall,,,1,,
+17693410911,Robocall,,,1,,
+14175008624,Robocall,,,1,,
+13213416890,Robocall,,,1,,
+18018902297,Robocall,,,1,,
+12296435686,Robocall,,,1,,
+19084376766,Robocall,,,1,,
+13033709272,Robocall,,,1,,
+14037983462,Robocall,,,1,,
+16015335387,Robocall,,,1,,
+18555798150,Robocall,,,1,,
+16802028994,Robocall,,,1,,
+14175008671,Robocall,,,1,,
+13032603825,Robocall,,,1,,
+12253700298,Robocall,,,1,,
+13135398885,Robocall,,,1,,
+13212753725,Robocall,,,1,,
+12029530100,Robocall,,,1,,
+13054325142,Robocall,,,1,,
+18452694905,Robocall,,,1,,
+17073701558,Robocall,,,1,,
+18324000140,Robocall,,,1,,
+18163124952,Robocall,,,1,,
+14022629018,Robocall,,,1,,
+12544456741,Robocall,,,1,,
+18888445305,Robocall,,,1,,
+12362288201,Robocall,,,1,,
+17277228028,Robocall,,,1,,
+17027378974,Robocall,,,1,,
+18168568236,Robocall,,,1,,
+13213198288,Robocall,,,1,,
+18888464940,Robocall,,,1,,
+17402562680,Robocall,,,1,,
+18122890440,Robocall,,,1,,
+12817165740,Robocall,,,1,,
+19567052034,Robocall,,,1,,
+18336187642,Robocall,,,1,,
+18557604681,Robocall,,,1,,
+18102589180,Robocall,,,1,,
+18168568806,Robocall,,,1,,
+18636955101,Robocall,,,1,,
+13852591436,Robocall,,,1,,
+12098428811,Robocall,,,1,,
+16462431438,Robocall,,,1,,
+18322912036,Robocall,,,1,,
+15863523165,Robocall,,,1,,
+19567052884,Robocall,,,1,,
+18332941664,Robocall,,,1,,
+18322685034,Robocall,,,1,,
+17602109579,Robocall,,,1,,
+13039868309,Robocall,,,1,,
+13074498344,Robocall,,,1,,
+17133457841,Robocall,,,1,,
+18637891209,Robocall,,,1,,
+13148275787,Robocall,,,1,,
+18773374564,Robocall,,,1,,
+19037712811,Robocall,,,1,,
+16822719770,Robocall,,,1,,
+15404048452,Robocall,,,1,,
+17739821266,Robocall,,,1,,
+18643412161,Robocall,,,1,,
+13216414750,Robocall,,,1,,
+15104707193,Robocall,,,1,,
+18666811425,Robocall,,,1,,
+19716127090,Robocall,,,1,,
+15182170251,Robocall,,,1,,
+18559476774,Robocall,,,1,,
+18559554492,Robocall,,,1,,
+18327349779,Robocall,,,1,,
+17653250306,Robocall,,,1,,
+13212379342,Robocall,,,1,,
+18332637715,Robocall,,,1,,
+18333975530,Robocall,,,1,,
+17137133430,Robocall,,,1,,
+14373471295,Robocall,,,1,,
+18333605381,Robocall,,,1,,
+18504315622,Robocall,,,1,,
+18056377243,Robocall,,,1,,
+17207217929,Robocall,,,1,,
+14043019348,Robocall,,,1,,
+19454955908,Robocall,,,1,,
+18506843771,Robocall,,,1,,
+18486670378,Robocall,,,1,,
+15417085738,Robocall,,,1,,
+17055381246,Robocall,,,1,,
+19205192694,Robocall,,,1,,
+15678034191,Robocall,,,1,,
+15416521567,Robocall,,,1,,
+16828827260,Robocall,,,1,,
+17655227758,Robocall,,,1,,
+18555685398,Robocall,,,1,,
+12703987902,Robocall,,,1,,
+18883792676,Robocall,,,1,,
+15059933372,Robocall,,,1,,
+18057067667,Robocall,,,1,,
+16616462828,Robocall,,,1,,
+18447315108,Robocall,,,1,,
+18154907077,Robocall,,,1,,
+12095578292,Robocall,,,1,,
+18446377243,Robocall,,,1,,
+12098409433,Robocall,,,1,,
+18334404019,Robocall,,,1,,
+17088856826,Robocall,,,1,,
+18063348702,Robocall,,,1,,
+18334476127,Robocall,,,1,,
+18004911374,Robocall,,,1,,
+18728040804,Robocall,,,1,,
+14085490799,Robocall,,,1,,
+18446043475,Robocall,,,1,,
+18774701417,Robocall,,,1,,
+19017509719,Robocall,,,1,,
+19187967142,Robocall,,,1,,
+15599270620,Robocall,,,1,,
+19529006681,Robocall,,,1,,
+19453187814,Robocall,,,1,,
+18333067099,Robocall,,,1,,
+18449144923,Robocall,,,1,,
+19015506703,Robocall,,,1,,
+19175901863,Robocall,,,1,,
+16237451415,Robocall,,,1,,
+14357297068,Robocall,,,1,,
+14086484458,Robocall,,,1,,
+18106330409,Robocall,,,1,,
+18459997681,Robocall,,,1,,
+18663244488,Robocall,,,1,,
+19133696289,Robocall,,,1,,
+19085168716,Robocall,,,1,,
+17136917948,Robocall,,,1,,
+16472295904,Robocall,,,1,,
+18722849759,Robocall,,,1,,
+15066992335,Robocall,,,1,,
+19414667411,Robocall,,,1,,
+18447921101,Robocall,,,1,,
+18338258867,Robocall,,,1,,
+18307708725,Robocall,,,1,,
+13322878005,Robocall,,,1,,
+18574776289,Robocall,,,1,,
+15167305363,Robocall,,,1,,
+15028625113,Robocall,,,1,,
+18622050284,Robocall,,,1,,
+15205641957,Robocall,,,1,,
+19593561805,Robocall,,,1,,
+16185857233,Robocall,,,1,,
+18663233410,Robocall,,,1,,
+17206157878,Robocall,,,1,,
+14792087552,Robocall,,,1,,
+19122190370,Robocall,,,1,,
+17139539992,Robocall,,,1,,
+12087448055,Robocall,,,1,,
+16316494269,Robocall,,,1,,
+18335135336,Robocall,,,1,,
+15806812612,Robocall,,,1,,
+14808414878,Robocall,,,1,,
+19496030132,Robocall,,,1,,
+16319725970,Robocall,,,1,,
+14477859545,Robocall,,,1,,
+17208970297,Robocall,,,1,,
+12197763978,Robocall,,,1,,
+18593162843,Robocall,,,1,,
+18888454541,Robocall,,,1,,
+17345489926,Robocall,,,1,,
+18008074319,Robocall,,,1,,
+12173866293,Robocall,,,1,,
+19022079249,Robocall,,,1,,
+15303882236,Robocall,,,1,,
+15206569408,Robocall,,,1,,
+16193049550,Robocall,,,1,,
+13292093865,Robocall,,,1,,
+18135355353,Robocall,,,1,,
+15302042403,Robocall,,,1,,
+18554549779,Robocall,,,1,,
+18127096879,Robocall,,,1,,
+16199849943,Robocall,,,1,,
+14156858959,Robocall,,,1,,
+16619345259,Robocall,,,1,,
+16313263486,Robocall,,,1,,
+18583941600,Robocall,,,1,,
+18339651581,Robocall,,,1,,
+19165581700,Robocall,,,1,,
+17327082250,Robocall,,,1,,
+15302044675,Robocall,,,1,,
+15085469062,Robocall,,,1,,
+14313121048,Robocall,,,1,,
+19375606265,Robocall,,,1,,
+19363539308,Robocall,,,1,,
+16577779657,Robocall,,,1,,
+17404103881,Robocall,,,1,,
+15028628394,Robocall,,,1,,
+18628817850,Robocall,,,1,,
+14156858277,Robocall,,,1,,
+18669408704,Robocall,,,1,,
+18593162798,Robocall,,,1,,
+14028545813,Robocall,,,1,,
+18583888940,Robocall,,,1,,
+14702217031,Robocall,,,1,,
+16204770977,Robocall,,,1,,
+14037610750,Robocall,,,1,,
+15302041161,Robocall,,,1,,
+12396581576,Robocall,,,1,,
+12547311049,Robocall,,,1,,
+18668474138,Robocall,,,1,,
+18444941885,Robocall,,,1,,
+19042672999,Robocall,,,1,,
+14028168930,Robocall,,,1,,
+14752645410,Robocall,,,1,,
+18335750569,Robocall,,,1,,
+15302042408,Robocall,,,1,,
+17064038416,Robocall,,,1,,
+18334402519,Robocall,,,1,,
+17405851944,Robocall,,,1,,
+12797771620,Robocall,,,1,,
+14187608059,Robocall,,,1,,
+15303612770,Robocall,,,1,,
+13169934756,Robocall,,,1,,
+16018125141,Robocall,,,1,,
+18125481821,Robocall,,,1,,
+18137932184,Robocall,,,1,,
+18705658635,Robocall,,,1,,
+12067927113,Robocall,,,1,,
+18178579362,Robocall,,,1,,
+16265973467,Robocall,,,1,,
+18564028081,Robocall,,,1,,
+15302042572,Robocall,,,1,,
+16284681549,Robocall,,,1,,
+16126655729,Robocall,,,1,,
+14508380519,Robocall,,,1,,
+16265143897,Robocall,,,1,,
+19097692963,Robocall,,,1,,
+15302042085,Robocall,,,1,,
+15153955592,Robocall,,,1,,
+15032101203,Robocall,,,1,,
+18337385460,Robocall,,,1,,
+15014120948,Robocall,,,1,,
+14452671175,Robocall,,,1,,
+15513622352,Robocall,,,1,,
+19136740045,Robocall,,,1,,
+15302042853,Robocall,,,1,,
+18562560118,Robocall,,,1,,
+19417261627,Robocall,,,1,,
+18703465403,Robocall,,,1,,
+17727741502,Robocall,,,1,,
+14342140154,Robocall,,,1,,
+17076036399,Robocall,,,1,,
+19164731883,Robocall,,,1,,
+13854909210,Robocall,,,1,,
+19513793694,Robocall,,,1,,
+16049355645,Robocall,,,1,,
+12107569359,Robocall,,,1,,
+15045060492,Robocall,,,1,,
+12545072853,Robocall,,,1,,
+18667716950,Robocall,,,1,,
+15513504774,Robocall,,,1,,
+17753097660,Robocall,,,1,,
+18447921067,Robocall,,,1,,
+18777320445,Robocall,,,1,,
+13034490663,Robocall,,,1,,
+18445493204,Robocall,,,1,,
+17207439072,Robocall,,,1,,
+19432748512,Robocall,,,1,,
+15303259905,Robocall,,,1,,
+18016144480,Robocall,,,1,,
+16784041648,Robocall,,,1,,
+12174224813,Robocall,,,1,,
+19379105912,Robocall,,,1,,
+16518776955,Robocall,,,1,,
+14236868476,Robocall,,,1,,
+13187501247,Robocall,,,1,,
+13863553887,Robocall,,,1,,
+16159653809,Robocall,,,1,,
+12492926530,Robocall,,,1,,
+16592574790,Robocall,,,1,,
+18569941526,Robocall,,,1,,
+18198498776,Robocall,,,1,,
+19283988390,Robocall,,,1,,
+19283893298,Robocall,,,1,,
+13862845392,Robocall,,,1,,
+18666811744,Robocall,,,1,,
+19412007279,Robocall,,,1,,
+12243508869,Robocall,,,1,,
+15392141875,Robocall,,,1,,
+18188598088,Robocall,,,1,,
+18184709023,Robocall,,,1,,
+12272602389,Robocall,,,1,,
+17069175542,Robocall,,,1,,
+14184962051,Robocall,,,1,,
+12165350570,Robocall,,,1,,
+18572809219,Robocall,,,1,,
+18564070762,Robocall,,,1,,
+14302618156,Robocall,,,1,,
+17706744191,Robocall,,,1,,
+14808648587,Robocall,,,1,,
+14088092294,Robocall,,,1,,
+17154648949,Robocall,,,1,,
+16206334146,Robocall,,,1,,
+18574027376,Robocall,,,1,,
+14342529315,Robocall,,,1,,
+12408049833,Robocall,,,1,,
+18337900093,Robocall,,,1,,
+15202970186,Robocall,,,1,,
+14234191431,Robocall,,,1,,
+19253040693,Robocall,,,1,,
+18262179598,Robocall,,,1,,
+12123124479,Robocall,,,1,,
+14153232492,Robocall,,,1,,
+17252141758,Robocall,,,1,,
+18775803363,Robocall,,,1,,
+16623453031,Robocall,,,1,,
+18046674909,Robocall,,,1,,
+19379063973,Robocall,,,1,,
+13146364739,Robocall,,,1,,
+12143085316,Robocall,,,1,,
+17743610798,Robocall,,,1,,
+16097982028,Robocall,,,1,,
+18446043409,Robocall,,,1,,
+16362343231,Robocall,,,1,,
+12792293585,Robocall,,,1,,
+14059243162,Robocall,,,1,,
+18045355880,Robocall,,,1,,
+16097852643,Robocall,,,1,,
+19138793698,Robocall,,,1,,
+18579993703,Robocall,,,1,,
+18009423767,Robocall,,,1,,
+14232795889,Robocall,,,1,,
+13147355079,Robocall,,,1,,
+13122027080,Robocall,,,1,,
+14439722001,Robocall,,,1,,
+19253728617,Robocall,,,1,,
+18044603439,Robocall,,,1,,
+18007255307,Robocall,,,1,,
+16097072123,Robocall,,,1,,
+18644245090,Robocall,,,1,,
+12604328176,Robocall,,,1,,
+18777320330,Robocall,,,1,,
+14439722002,Robocall,,,1,,
+18583672665,Robocall,,,1,,
+14794404367,Robocall,,,1,,
+13868809319,Robocall,,,1,,
+18443052174,Robocall,,,1,,
+15816823179,Robocall,,,1,,
+16163171787,Robocall,,,1,,
+15207729375,Robocall,,,1,,
+19403091258,Robocall,,,1,,
+12023079100,Robocall,,,1,,
+19414758643,Robocall,,,1,,
+14439816976,Robocall,,,1,,
+17249207386,Robocall,,,1,,
+18156347811,Robocall,,,1,,
+17703081630,Robocall,,,1,,
+13037526196,Robocall,,,1,,
+16304374439,Robocall,,,1,,
+18555324206,Robocall,,,1,,
+15206823841,Robocall,,,1,,
+19206015126,Robocall,,,1,,
+18333245433,Robocall,,,1,,
+15625794015,Robocall,,,1,,
+14435264916,Robocall,,,1,,
+14797513503,Robocall,,,1,,
+15185538428,Robocall,,,1,,
+14803049889,Robocall,,,1,,
+17029212640,Robocall,,,1,,
+18333987561,Robocall,,,1,,
+14707979756,Robocall,,,1,,
+19493687792,Robocall,,,1,,
+18663881983,Robocall,,,1,,
+18447641412,Robocall,,,1,,
+18333045517,Robocall,,,1,,
+15034684153,Robocall,,,1,,
+18662054919,Robocall,,,1,,
+12173220306,Robocall,,,1,,
+19317092342,Robocall,,,1,,
+18706647847,Robocall,,,1,,
+14704748959,Robocall,,,1,,
+18447643070,Robocall,,,1,,
+12297020831,Robocall,,,1,,
+13528370665,Robocall,,,1,,
+17155255867,Robocall,,,1,,
+18333950315,Robocall,,,1,,
+17194519099,Robocall,,,1,,
+18887570818,Robocall,,,1,,
+14473207916,Robocall,,,1,,
+18564718480,Robocall,,,1,,
+15205909575,Robocall,,,1,,
+19294633452,Robocall,,,1,,
+18882658732,Robocall,,,1,,
+12105445957,Robocall,,,1,,
+16155445580,Robocall,,,1,,
+19029349753,Robocall,,,1,,
+18336928994,Robocall,,,1,,
+14123639184,Robocall,,,1,,
+13175845389,Robocall,,,1,,
+18333984612,Robocall,,,1,,
+16107880228,Robocall,,,1,,
+17328136979,Robocall,,,1,,
+13149378177,Robocall,,,1,,
+13216895864,Robocall,,,1,,
+18332098140,Robocall,,,1,,
+12088770818,Robocall,,,1,,
+18143777849,Robocall,,,1,,
+13049646690,Robocall,,,1,,
+19709823633,Robocall,,,1,,
+19512279901,Robocall,,,1,,
+18335308868,Robocall,,,1,,
+19032542693,Robocall,,,1,,
+17242814940,Robocall,,,1,,
+15172720001,Robocall,,,1,,
+18632384463,Robocall,,,1,,
+18008480018,Robocall,,,1,,
+17209015652,Robocall,,,1,,
+19414918539,Robocall,,,1,,
+12012854635,Robocall,,,1,,
+12394216634,Robocall,,,1,,
+18332155948,Robocall,,,1,,
+14702939464,Robocall,,,1,,
+18888837228,Robocall,,,1,,
+12134297480,Robocall,,,1,,
+16185010349,Robocall,,,1,,
+15174683823,Robocall,,,1,,
+18334728280,Robocall,,,1,,
+18178064397,Robocall,,,1,,
+19295219039,Robocall,,,1,,
+18558091416,Robocall,,,1,,
+19084082455,Robocall,,,1,,
+18644690820,Robocall,,,1,,
+15204104625,Robocall,,,1,,
+13467123229,Robocall,,,1,,
+12395947458,Robocall,,,1,,
+18334273145,Robocall,,,1,,
+12186079316,Robocall,,,1,,
+14695025804,Robocall,,,1,,
+15132865254,Robocall,,,1,,
+18553572127,Robocall,,,1,,
+12525915582,Robocall,,,1,,
+18068025355,Robocall,,,1,,
+17085364825,Robocall,,,1,,
+18332206226,Robocall,,,1,,
+15876801654,Robocall,,,1,,
+19365048789,Robocall,,,1,,
+12533218126,Robocall,,,1,,
+15026547463,Robocall,,,1,,
+18446107250,Robocall,,,1,,
+16124664504,Robocall,,,1,,
+18447640370,Robocall,,,1,,
+19802861330,Robocall,,,1,,
+15673271448,Robocall,,,1,,
+18063788085,Robocall,,,1,,
+14582743228,Robocall,,,1,,
+16812387934,Robocall,,,1,,
+12132602641,Robocall,,,1,,
+14024973728,Robocall,,,1,,
+18778162865,Robocall,,,1,,
+15136946667,Robocall,,,1,,
+18336625686,Robocall,,,1,,
+13658731451,Robocall,,,1,,
+19412893414,Robocall,,,1,,
+12056183049,Robocall,,,1,,
+12149837264,Robocall,,,1,,
+18884321396,Robocall,,,1,,
+13613888490,Robocall,,,1,,
+16692756184,Robocall,,,1,,
+13025704673,Robocall,,,1,,
+15862846429,Robocall,,,1,,
+18447642831,Robocall,,,1,,
+18333375543,Robocall,,,1,,
+18666111590,Robocall,,,1,,
+19107053180,Robocall,,,1,,
+13137323226,Robocall,,,1,,
+18064100872,Robocall,,,1,,
+14022237587,Robocall,,,1,,
+18332946514,Robocall,,,1,,
+19432253160,Robocall,,,1,,
+14387030841,Robocall,,,1,,
+18666661134,Robocall,,,1,,
+12364926947,Robocall,,,1,,
+17602109196,Robocall,,,1,,
+13185766752,Robocall,,,1,,
+14022249180,Robocall,,,1,,
+17056544077,Robocall,,,1,,
+17074058353,Robocall,,,1,,
+18063279778,Robocall,,,1,,
+17758773150,Robocall,,,1,,
+14692772928,Robocall,,,1,,
+15616731110,Robocall,,,1,,
+19162825287,Robocall,,,1,,
+18668268972,Robocall,,,1,,
+18334616117,Robocall,,,1,,
+14024951247,Robocall,,,1,,
+13022043569,Robocall,,,1,,
+18334403713,Robocall,,,1,,
+12899199627,Robocall,,,1,,
+15039965026,Robocall,,,1,,
+14187002200,Robocall,,,1,,
+19167401913,Robocall,,,1,,
+14025526400,Robocall,,,1,,
+18122878307,Robocall,,,1,,
+14708379636,Robocall,,,1,,
+12544179949,Robocall,,,1,,
+18047791985,Robocall,,,1,,
+16825874657,Robocall,,,1,,
+17098353141,Robocall,,,1,,
+13147321003,Robocall,,,1,,
+19166196813,Robocall,,,1,,
+14723005034,Robocall,,,1,,
+18556683301,Robocall,,,1,,
+14387030633,Robocall,,,1,,
+14025900106,Robocall,,,1,,
+19162825281,Robocall,,,1,,
+15623026230,Robocall,,,1,,
+14023351004,Robocall,,,1,,
+19165438769,Robocall,,,1,,
+17608181845,Robocall,,,1,,
+15642204509,Robocall,,,1,,
+18552498237,Robocall,,,1,,
+18727999072,Robocall,,,1,,
+15139608257,Robocall,,,1,,
+13173501023,Robocall,,,1,,
+13375102915,Robocall,,,1,,
+14108873151,Robocall,,,1,,
+19165940140,Robocall,,,1,,
+18108881573,Robocall,,,1,,
+15754670509,Robocall,,,1,,
+15134601278,Robocall,,,1,,
+14023713499,Robocall,,,1,,
+19167401912,Robocall,,,1,,
+13612738445,Robocall,,,1,,
+18339562361,Robocall,,,1,,
+17606527636,Robocall,,,1,,
+12025582563,Robocall,,,1,,
+14792656492,Robocall,,,1,,
+14789236438,Robocall,,,1,,
+15163863192,Robocall,,,1,,
+19312918273,Robocall,,,1,,
+18104742889,Robocall,,,1,,
+17016634438,Robocall,,,1,,
+12259031868,Robocall,,,1,,
+12409634843,Robocall,,,1,,
+16045366245,Robocall,,,1,,
+18065529340,Robocall,,,1,,
+18664084070,Robocall,,,1,,
+12299370705,Robocall,,,1,,
+16028368814,Robocall,,,1,,
+14324654346,Robocall,,,1,,
+18384489440,Robocall,,,1,,
+16188827648,Robocall,,,1,,
+13802061915,Robocall,,,1,,
+19167133078,Robocall,,,1,,
+12514050542,Robocall,,,1,,
+14078483678,Robocall,,,1,,
+18384350206,Robocall,,,1,,
+19453988040,Robocall,,,1,,
+18126496426,Robocall,,,1,,
+14692706294,Robocall,,,1,,
+17033729346,Robocall,,,1,,
+19254947928,Robocall,,,1,,
+14097726315,Robocall,,,1,,
+17122019533,Robocall,,,1,,
+14484427894,Robocall,,,1,,
+18575779269,Robocall,,,1,,
+19169070422,Robocall,,,1,,
+12055996763,Robocall,,,1,,
+17606527838,Robocall,,,1,,
+16199754497,Robocall,,,1,,
+13256723539,Robocall,,,1,,
+18063683243,Robocall,,,1,,
+15028799224,Robocall,,,1,,
+18564025450,Robocall,,,1,,
+18062055646,Robocall,,,1,,
+17044109647,Robocall,,,1,,
+17712473279,Robocall,,,1,,
+17075189348,Robocall,,,1,,
+17036366361,Robocall,,,1,,
+18065319976,Robocall,,,1,,
+19867779131,Robocall,,,1,,
+18564027630,Robocall,,,1,,
+13147895029,Robocall,,,1,,
+13155171967,Robocall,,,1,,
+19295208942,Robocall,,,1,,
+18722534869,Robocall,,,1,,
+15302042148,Robocall,,,1,,
+13028642635,Robocall,,,1,,
+17193996094,Robocall,,,1,,
+15413144599,Robocall,,,1,,
+18068355464,Robocall,,,1,,
+16306349576,Robocall,,,1,,
+14199317301,Robocall,,,1,,
+14702939321,Robocall,,,1,,
+16614854742,Robocall,,,1,,
+14693042357,Robocall,,,1,,
+15417083134,Robocall,,,1,,
+19414667334,Robocall,,,1,,
+17033504748,Robocall,,,1,,
+18317770661,Robocall,,,1,,
+18065564110,Robocall,,,1,,
+14253107112,Robocall,,,1,,
+18435006001,Robocall,,,1,,
+14236002416,Robocall,,,1,,
+18889381521,Robocall,,,1,,
+12179867440,Robocall,,,1,,
+17708576661,Robocall,,,1,,
+18888440128,Robocall,,,1,,
+15512669843,Robocall,,,1,,
+18064890245,Robocall,,,1,,
+17759316673,Robocall,,,1,,
+19158996239,Robocall,,,1,,
+14804888912,Robocall,,,1,,
+17033233925,Robocall,,,1,,
+18436491992,Robocall,,,1,,
+18064890368,Robocall,,,1,,
+16578005570,Robocall,,,1,,
+17865051456,Robocall,,,1,,
+13025205145,Robocall,,,1,,
+12282832369,Robocall,,,1,,
+18133205806,Robocall,,,1,,
+18334498159,Robocall,,,1,,
+15014430590,Robocall,,,1,,
+17276490702,Robocall,,,1,,
+18175356058,Robocall,,,1,,
+18339597310,Robocall,,,1,,
+13092206467,Robocall,,,1,,
+15024800084,Robocall,,,1,,
+18139231155,Robocall,,,1,,
+17754366208,Robocall,,,1,,
+18107679498,Robocall,,,1,,
+18884179408,Robocall,,,1,,
+18555104378,Robocall,,,1,,
+12175691908,Robocall,,,1,,
+17602109742,Robocall,,,1,,
+14702939484,Robocall,,,1,,
+14022528115,Robocall,,,1,,
+14197319581,Robocall,,,1,,
+15028797186,Robocall,,,1,,
+19548697305,Robocall,,,1,,
+18442564090,Robocall,,,1,,
+15625251635,Robocall,,,1,,
+18776547206,Robocall,,,1,,
+12674562142,Robocall,,,1,,
+18332629416,Robocall,,,1,,
+14842312346,Robocall,,,1,,
+15043839240,Robocall,,,1,,
+18338957662,Robocall,,,1,,
+14587035963,Robocall,,,1,,
+12086756865,Robocall,,,1,,
+19419919994,Robocall,,,1,,
+18557570365,Robocall,,,1,,
+17699998172,Robocall,,,1,,
+15414608317,Robocall,,,1,,
+18883821222,Robocall,,,1,,
+12692809270,Robocall,,,1,,
+14582233487,Robocall,,,1,,
+18885809986,Robocall,,,1,,
+19042046159,Robocall,,,1,,
+13189692697,Robocall,,,1,,
+12254664326,Robocall,,,1,,
+17708092469,Robocall,,,1,,
+16072436184,Robocall,,,1,,
+18776811081,Robocall,,,1,,
+18559010316,Robocall,,,1,,
+18012545908,Robocall,,,1,,
+18102073279,Robocall,,,1,,
+19519421243,Robocall,,,1,,
+12504287537,Robocall,,,1,,
+19284765760,Robocall,,,1,,
+12134091283,Robocall,,,1,,
+15015962903,Robocall,,,1,,
+18022042112,Robocall,,,1,,
+13236162861,Robocall,,,1,,
+18335189262,Robocall,,,1,,
+12152671802,Robocall,,,1,,
+18068489529,Robocall,,,1,,
+18666820486,Robocall,,,1,,
+14315000764,Robocall,,,1,,
+17869899639,Robocall,,,1,,
+12084725871,Robocall,,,1,,
+14702939307,Robocall,,,1,,
+13235933145,Robocall,,,1,,
+16612459769,Robocall,,,1,,
+17134053873,Robocall,,,1,,
+18554940119,Robocall,,,1,,
+18555500684,Robocall,,,1,,
+17606527852,Robocall,,,1,,
+16612151213,Robocall,,,1,,
+12812709711,Robocall,,,1,,
+12262921689,Robocall,,,1,,
+17326531423,Robocall,,,1,,
+18458186062,Robocall,,,1,,
+17038446855,Robocall,,,1,,
+18339130436,Robocall,,,1,,
+16075621261,Robocall,,,1,,
+15746014235,Robocall,,,1,,
+15205589731,Robocall,,,1,,
+13306615680,Robocall,,,1,,
+18888462741,Robocall,,,1,,
+18552202919,Robocall,,,1,,
+15138400757,Robocall,,,1,,
+18316070156,Robocall,,,1,,
+18336157857,Robocall,,,1,,
+18882403337,Robocall,,,1,,
+14144376535,Robocall,,,1,,
+18339131755,Robocall,,,1,,
+14796466990,Robocall,,,1,,
+13027035537,Robocall,,,1,,
+18559145198,Robocall,,,1,,
+19104752239,Robocall,,,1,,
+16078780392,Robocall,,,1,,
+17602548801,Robocall,,,1,,
+18439849630,Robocall,,,1,,
+13158087793,Robocall,,,1,,
+12534396209,Robocall,,,1,,
+18668475960,Robocall,,,1,,
+13304078565,Robocall,,,1,,
+15183151033,Robocall,,,1,,
+18664411218,Robocall,,,1,,
+19404341999,Robocall,,,1,,
+19732010481,Robocall,,,1,,
+19892159428,Robocall,,,1,,
+14695176116,Robocall,,,1,,
+16079488184,Robocall,,,1,,
+17093932997,Robocall,,,1,,
+19546670119,Robocall,,,1,,
+17133938898,Robocall,,,1,,
+19722522494,Robocall,,,1,,
+13862424542,Robocall,,,1,,
+12132429863,Robocall,,,1,,
+14018591578,Robocall,,,1,,
+18669622191,Robocall,,,1,,
+18334416162,Robocall,,,1,,
+16078780292,Robocall,,,1,,
+13072897479,Robocall,,,1,,
+19368583802,Robocall,,,1,,
+18324131335,Robocall,,,1,,
+15715173140,Robocall,,,1,,
+18446479170,Robocall,,,1,,
+18884353368,Robocall,,,1,,
+15348887591,Robocall,,,1,,
+16072363214,Robocall,,,1,,
+14387030884,Robocall,,,1,,
+19722120060,Robocall,,,1,,
+18885611094,Robocall,,,1,,
+12012545476,Robocall,,,1,,
+16072953281,Robocall,,,1,,
+12045182195,Robocall,,,1,,
+14696174295,Robocall,,,1,,
+13056919070,Robocall,,,1,,
+18332113515,Robocall,,,1,,
+15513205908,Robocall,,,1,,
+16572178771,Robocall,,,1,,
+19723628973,Robocall,,,1,,
+16032565115,Robocall,,,1,,
+18338520359,Robocall,,,1,,
+18775341072,Robocall,,,1,,
+13154963345,Robocall,,,1,,
+13072013715,Robocall,,,1,,
+12708702096,Robocall,,,1,,
+18333278481,Robocall,,,1,,
+19518340759,Robocall,,,1,,
+15029739929,Robocall,,,1,,
+19052405110,Robocall,,,1,,
+16076388230,Robocall,,,1,,
+18777320143,Robocall,,,1,,
+12566596146,Robocall,,,1,,
+18507578423,Robocall,,,1,,
+16262308574,Robocall,,,1,,
+15862582782,Robocall,,,1,,
+15186663722,Robocall,,,1,,
+12082805739,Robocall,,,1,,
+16468377839,Robocall,,,1,,
+16072363220,Robocall,,,1,,
+14109345627,Robocall,,,1,,
+18884321379,Robocall,,,1,,
+18335947815,Robocall,,,1,,
+12068044489,Robocall,,,1,,
+16075660426,Robocall,,,1,,
+16182565984,Robocall,,,1,,
+19104182715,Robocall,,,1,,
+19548857655,Robocall,,,1,,
+12569657570,Robocall,,,1,,
+18336550357,Robocall,,,1,,
+18572807993,Robocall,,,1,,
+13152308632,Robocall,,,1,,
+18556391076,Robocall,,,1,,
+16073251220,Robocall,,,1,,
+18333045092,Robocall,,,1,,
+18597650321,Robocall,,,1,,
+18883194829,Robocall,,,1,,
+14353755109,Robocall,,,1,,
+15052597146,Robocall,,,1,,
+18338868905,Robocall,,,1,,
+14707429895,Robocall,,,1,,
+17207690597,Robocall,,,1,,
+14302600466,Robocall,,,1,,
+15012473733,Robocall,,,1,,
+14437552588,Robocall,,,1,,
+15748788739,Robocall,,,1,,
+18038914308,Robocall,,,1,,
+12569961593,Robocall,,,1,,
+19284301446,Robocall,,,1,,
+12256817557,Robocall,,,1,,
+13144498202,Robocall,,,1,,
+14352719055,Robocall,,,1,,
+18777103684,Robocall,,,1,,
+18334102443,Robocall,,,1,,
+17578320258,Robocall,,,1,,
+18127350314,Robocall,,,1,,
+15125936754,Robocall,,,1,,
+15028621568,Robocall,,,1,,
+12029803609,Robocall,,,1,,
+18336897785,Robocall,,,1,,
+19498056051,Robocall,,,1,,
+17609030938,Robocall,,,1,,
+18668924019,Robocall,,,1,,
+19514883754,Robocall,,,1,,
+14242390024,Robocall,,,1,,
+12052166218,Robocall,,,1,,
+14104175384,Robocall,,,1,,
+17325684772,Robocall,,,1,,
+12489857113,Robocall,,,1,,
+18667044594,Robocall,,,1,,
+18446778414,Robocall,,,1,,
+14353755249,Robocall,,,1,,
+15632152360,Robocall,,,1,,
+18007243015,Robocall,,,1,,
+18887571602,Robocall,,,1,,
+12626485164,Robocall,,,1,,
+19832098788,Robocall,,,1,,
+15205836853,Robocall,,,1,,
+12542755136,Robocall,,,1,,
+17744081277,Robocall,,,1,,
+16162210373,Robocall,,,1,,
+18133180346,Robocall,,,1,,
+12516642524,Robocall,,,1,,
+19799992955,Robocall,,,1,,
+12163409047,Robocall,,,1,,
+18663850308,Robocall,,,1,,
+15136068698,Robocall,,,1,,
+13126663494,Robocall,,,1,,
+13525598787,Robocall,,,1,,
+16692621272,Robocall,,,1,,
+12536567116,Robocall,,,1,,
+17257155168,Robocall,,,1,,
+18338229760,Robocall,,,1,,
+14437552499,Robocall,,,1,,
+16362471717,Robocall,,,1,,
+18442585671,Robocall,,,1,,
+13463636447,Robocall,,,1,,
+17602540361,Robocall,,,1,,
+13604376770,Robocall,,,1,,
+15137509931,Robocall,,,1,,
+18884183074,Robocall,,,1,,
+19173101289,Robocall,,,1,,
+15613630972,Robocall,,,1,,
+18179689650,Robocall,,,1,,
+18773884175,Robocall,,,1,,
+18106416270,Robocall,,,1,,
+19713160198,Robocall,,,1,,
+12082036024,Robocall,,,1,,
+17402094572,Robocall,,,1,,
+18148512666,Robocall,,,1,,
+14803448300,Robocall,,,1,,
+17817953555,Robocall,,,1,,
+16783952542,Robocall,,,1,,
+19165433860,Robocall,,,1,,
+18145630421,Robocall,,,1,,
+18434052795,Robocall,,,1,,
+14077101945,Robocall,,,1,,
+17273549933,Robocall,,,1,,
+18564319347,Robocall,,,1,,
+12708158091,Robocall,,,1,,
+12098027551,Robocall,,,1,,
+14134214487,Robocall,,,1,,
+14387030782,Robocall,,,1,,
+18888311804,Robocall,,,1,,
+18332125311,Robocall,,,1,,
+15342003119,Robocall,,,1,,
+16572011311,Robocall,,,1,,
+14102478787,Robocall,,,1,,
+19018996598,Robocall,,,1,,
+17745457540,Robocall,,,1,,
+17634774275,Robocall,,,1,,
+13024057275,Robocall,,,1,,
+13067374685,Robocall,,,1,,
+19346999853,Robocall,,,1,,
+18882931398,Robocall,,,1,,
+17077722813,Robocall,,,1,,
+15185049748,Robocall,,,1,,
+18882934804,Robocall,,,1,,
+14103047829,Robocall,,,1,,
+16788036861,Robocall,,,1,,
+18335637413,Robocall,,,1,,
+18332427594,Robocall,,,1,,
+17169473384,Robocall,,,1,,
+14256503290,Robocall,,,1,,
+18082018675,Robocall,,,1,,
+19142050321,Robocall,,,1,,
+16185471676,Robocall,,,1,,
+18334147875,Robocall,,,1,,
+12232168578,Robocall,,,1,,
+13203638435,Robocall,,,1,,
+19703187796,Robocall,,,1,,
+12548044637,Robocall,,,1,,
+18447671007,Robocall,,,1,,
+17087348988,Robocall,,,1,,
+14142153542,Robocall,,,1,,
+13312023253,Robocall,,,1,,
+18335481233,Robocall,,,1,,
+18337285403,Robocall,,,1,,
+17162843921,Robocall,,,1,,
+19183611126,Robocall,,,1,,
+17089288567,Robocall,,,1,,
+18334460590,Robocall,,,1,,
+19167220655,Robocall,,,1,,
+18664412747,Robocall,,,1,,
+15618798852,Robocall,,,1,,
+15016250814,Robocall,,,1,,
+12089275379,Robocall,,,1,,
+15123026800,Robocall,,,1,,
+18052091549,Robocall,,,1,,
+18335102993,Robocall,,,1,,
+18334068442,Robocall,,,1,,
+17085006889,Robocall,,,1,,
+14389209480,Robocall,,,1,,
+18664410993,Robocall,,,1,,
+18558572014,Robocall,,,1,,
+17475292052,Robocall,,,1,,
+12042032404,Robocall,,,1,,
+12254572155,Robocall,,,1,,
+17088098945,Robocall,,,1,,
+19372409598,Robocall,,,1,,
+16462793539,Robocall,,,1,,
+13055064319,Robocall,,,1,,
+16364755832,Robocall,,,1,,
+13098945017,Robocall,,,1,,
+15126125292,Robocall,,,1,,
+18554989092,Robocall,,,1,,
+13502020190,Robocall,,,1,,
+17148311936,Robocall,,,1,,
+12092547105,Robocall,,,1,,
+19033759108,Robocall,,,1,,
+19896376130,Robocall,,,1,,
+18045074775,Robocall,,,1,,
+15754256187,Robocall,,,1,,
+12628297847,Robocall,,,1,,
+17378427081,Robocall,,,1,,
+18336410913,Robocall,,,1,,
+16362073542,Robocall,,,1,,
+12148426892,Robocall,,,1,,
+17073682915,Robocall,,,1,,
+14432275570,Robocall,,,1,,
+16099002095,Robocall,,,1,,
+18334509046,Robocall,,,1,,
+14127758926,Robocall,,,1,,
+12233394591,Robocall,,,1,,
+18777103447,Robocall,,,1,,
+18885330992,Robocall,,,1,,
+14582522043,Robocall,,,1,,
+19046856566,Robocall,,,1,,
+13363603277,Robocall,,,1,,
+18334403290,Robocall,,,1,,
+18332631246,Robocall,,,1,,
+18337156283,Robocall,,,1,,
+12023906082,Robocall,,,1,,
+18334239101,Robocall,,,1,,
+17075181397,Robocall,,,1,,
+15066992427,Robocall,,,1,,
+12484184669,Robocall,,,1,,
+19096123985,Robocall,,,1,,
+15597454793,Robocall,,,1,,
+16615455345,Robocall,,,1,,
+18447670604,Robocall,,,1,,
+17023764295,Robocall,,,1,,
+14084291809,Robocall,,,1,,
+15592190573,Robocall,,,1,,
+17196061149,Robocall,,,1,,
+13316006393,Robocall,,,1,,
+12147719450,Robocall,,,1,,
+16026980771,Robocall,,,1,,
+19164831486,Robocall,,,1,,
+15514005780,Robocall,,,1,,
+18624493030,Robocall,,,1,,
+18637898020,Robocall,,,1,,
+18332187322,Robocall,,,1,,
+19173381992,Robocall,,,1,,
+15486985046,Robocall,,,1,,
+12088753067,Robocall,,,1,,
+14012690052,Robocall,,,1,,
+18447671054,Robocall,,,1,,
+18624493059,Robocall,,,1,,
+18335704228,Robocall,,,1,,
+12044912874,Robocall,,,1,,
+14236155821,Robocall,,,1,,
+14244923506,Robocall,,,1,,
+17819771582,Robocall,,,1,,
+18553712508,Robocall,,,1,,
+17755666953,Robocall,,,1,,
+18332187508,Robocall,,,1,,
+18332130104,Robocall,,,1,,
+14403253212,Robocall,,,1,,
+13215292457,Robocall,,,1,,
+19737934144,Robocall,,,1,,
+19172677716,Robocall,,,1,,
+12144614738,Robocall,,,1,,
+18044651301,Robocall,,,1,,
+18638741251,Robocall,,,1,,
+13862024948,Robocall,,,1,,
+15516008336,Robocall,,,1,,
+18196272343,Robocall,,,1,,
+18139454345,Robocall,,,1,,
+18888441679,Robocall,,,1,,
+19853074032,Robocall,,,1,,
+17073581774,Robocall,,,1,,
+12398991482,Robocall,,,1,,
+14698385675,Robocall,,,1,,
+15108804792,Robocall,,,1,,
+13216078390,Robocall,,,1,,
+17252290314,Robocall,,,1,,
+19432741981,Robocall,,,1,,
+17745467937,Robocall,,,1,,
+12025208576,Robocall,,,1,,
+13512407115,Robocall,,,1,,
+14707302874,Robocall,,,1,,
+12143412355,Robocall,,,1,,
+14353834085,Robocall,,,1,,
+12125229992,Robocall,,,1,,
+16722078103,Robocall,,,1,,
+18338008991,Robocall,,,1,,
+18104260831,Robocall,,,1,,
+13307752964,Robocall,,,1,,
+18335223369,Robocall,,,1,,
+16624995836,Robocall,,,1,,
+17324790422,Robocall,,,1,,
+15613028290,Robocall,,,1,,
+19549305328,Robocall,,,1,,
+13215299198,Robocall,,,1,,
+18045312176,Robocall,,,1,,
+15714700856,Robocall,,,1,,
+12164607205,Robocall,,,1,,
+19542082215,Robocall,,,1,,
+18735100129,Robocall,,,1,,
+16023455333,Robocall,,,1,,
+19892446274,Robocall,,,1,,
+12514873781,Robocall,,,1,,
+18556703017,Robocall,,,1,,
+19495932840,Robocall,,,1,,
+12242141645,Robocall,,,1,,
+18135639501,Robocall,,,1,,
+16027246267,Robocall,,,1,,
+18774702480,Robocall,,,1,,
+12518006151,Robocall,,,1,,
+17208583363,Robocall,,,1,,
+15715974940,Robocall,,,1,,
+16198560833,Robocall,,,1,,
+19173414349,Robocall,,,1,,
+17743218583,Robocall,,,1,,
+18175537033,Robocall,,,1,,
+14246661262,Robocall,,,1,,
+18556444965,Robocall,,,1,,
+12265703934,Robocall,,,1,,
+17734458133,Robocall,,,1,,
+19379962529,Robocall,,,1,,
+17602633776,Robocall,,,1,,
+18582683444,Robocall,,,1,,
+19892721224,Robocall,,,1,,
+16694658595,Robocall,,,1,,
+18175295652,Robocall,,,1,,
+18623771283,Robocall,,,1,,
+16473202652,Robocall,,,1,,
+14842055671,Robocall,,,1,,
+12055741789,Robocall,,,1,,
+19169940665,Robocall,,,1,,
+18179008374,Robocall,,,1,,
+18336114944,Robocall,,,1,,
+19892615758,Robocall,,,1,,
+13152972569,Robocall,,,1,,
+18446041192,Robocall,,,1,,
+19136805655,Robocall,,,1,,
+16055132192,Robocall,,,1,,
+14697310221,Robocall,,,1,,
+12175071521,Robocall,,,1,,
+18556655196,Robocall,,,1,,
+16315465077,Robocall,,,1,,
+19709822266,Robocall,,,1,,
+19895932057,Robocall,,,1,,
+16072363260,Robocall,,,1,,
+18175239050,Robocall,,,1,,
+12057350474,Robocall,,,1,,
+17379461101,Robocall,,,1,,
+18564998959,Robocall,,,1,,
+18673994444,Robocall,,,1,,
+19892144813,Robocall,,,1,,
+13238979754,Robocall,,,1,,
+18777323139,Robocall,,,1,,
+19896624562,Robocall,,,1,,
+12026097416,Robocall,,,1,,
+15023824146,Robocall,,,1,,
+15066992363,Robocall,,,1,,
+13036022116,Robocall,,,1,,
+13345269540,Robocall,,,1,,
+15716388539,Robocall,,,1,,
+18476496977,Robocall,,,1,,
+12314006398,Robocall,,,1,,
+18574021825,Robocall,,,1,,
+18559785811,Robocall,,,1,,
+18004934647,Robocall,,,1,,
+19516027372,Robocall,,,1,,
+19894690130,Robocall,,,1,,
+18632027105,Robocall,,,1,,
+14234608876,Robocall,,,1,,
+12178637211,Robocall,,,1,,
+15066992301,Robocall,,,1,,
+18582120606,Robocall,,,1,,
+13512393653,Robocall,,,1,,
+19317922354,Robocall,,,1,,
+16592381896,Robocall,,,1,,
+18008228383,Robocall,,,1,,
+17403009490,Robocall,,,1,,
+16143828095,Robocall,,,1,,
+19896430996,Robocall,,,1,,
+14699401724,Robocall,,,1,,
+17868843424,Robocall,,,1,,
+14238408713,Robocall,,,1,,
+15312018834,Robocall,,,1,,
+14342877957,Robocall,,,1,,
+18776080786,Robocall,,,1,,
+18175537108,Robocall,,,1,,
+12059317498,Robocall,,,1,,
+15162044288,Robocall,,,1,,
+12053107881,Robocall,,,1,,
+15816014134,Robocall,,,1,,
+19893947664,Robocall,,,1,,
+15105498029,Robocall,,,1,,
+18177171825,Robocall,,,1,,
+13157025557,Robocall,,,1,,
+18773931587,Robocall,,,1,,
+19516651514,Robocall,,,1,,
+18663880622,Robocall,,,1,,
+12519906166,Robocall,,,1,,
+19894146448,Robocall,,,1,,
+15155501881,Robocall,,,1,,
+19842241224,Robocall,,,1,,
+15746788481,Robocall,,,1,,
+12312760204,Robocall,,,1,,
+14022853931,Robocall,,,1,,
+18338319935,Robocall,,,1,,
+14013759435,Robocall,,,1,,
+18706792311,Robocall,,,1,,
+17276498113,Robocall,,,1,,
+13462366793,Robocall,,,1,,
+19513868500,Robocall,,,1,,
+18594479002,Robocall,,,1,,
+15805306398,Robocall,,,1,,
+14322005060,Robocall,,,1,,
+14047386930,Robocall,,,1,,
+14015358785,Robocall,,,1,,
+17864066754,Robocall,,,1,,
+19414912765,Robocall,,,1,,
+19518274434,Robocall,,,1,,
+18054961865,Robocall,,,1,,
+17193618382,Robocall,,,1,,
+14788002631,Robocall,,,1,,
+17759099019,Robocall,,,1,,
+15618580362,Robocall,,,1,,
+14013436146,Robocall,,,1,,
+15027822805,Robocall,,,1,,
+12897972859,Robocall,,,1,,
+14706819820,Robocall,,,1,,
+13512393599,Robocall,,,1,,
+12482680078,Robocall,,,1,,
+19516129501,Robocall,,,1,,
+19162391665,Robocall,,,1,,
+14234050396,Robocall,,,1,,
+14015942305,Robocall,,,1,,
+15062411342,Robocall,,,1,,
+13868456721,Robocall,,,1,,
+18444923306,Robocall,,,1,,
+12266335549,Robocall,,,1,,
+14013214340,Robocall,,,1,,
+14432151259,Robocall,,,1,,
+12122706001,Robocall,,,1,,
+17809033120,Robocall,,,1,,
+16784362302,Robocall,,,1,,
+18582764805,Robocall,,,1,,
+17874227892,Robocall,,,1,,
+18653767004,Robocall,,,1,,
+12315708704,Robocall,,,1,,
+14252006546,Robocall,,,1,,
+17543155652,Robocall,,,1,,
+18447641407,Robocall,,,1,,
+18632510950,Robocall,,,1,,
+17273354204,Robocall,,,1,,
+19123168597,Robocall,,,1,,
+18663424523,Robocall,,,1,,
+18152879179,Robocall,,,1,,
+13464497929,Robocall,,,1,,
+14782415844,Robocall,,,1,,
+18884216063,Robocall,,,1,,
+12062375771,Robocall,,,1,,
+16146666985,Robocall,,,1,,
+15075856043,Robocall,,,1,,
+15158542811,Robocall,,,1,,
+15025132585,Robocall,,,1,,
+16419212700,Robocall,,,1,,
+16185048612,Robocall,,,1,,
+17067496837,Robocall,,,1,,
+12065087759,Robocall,,,1,,
+17865910456,Robocall,,,1,,
+18883891108,Robocall,,,1,,
+12024180600,Robocall,,,1,,
+18318240042,Robocall,,,1,,
+18554747218,Robocall,,,1,,
+18774701059,Robocall,,,1,,
+15416001780,Robocall,,,1,,
+16783238697,Robocall,,,1,,
+18653905914,Robocall,,,1,,
+12692221599,Robocall,,,1,,
+18339268990,Robocall,,,1,,
+17735708387,Robocall,,,1,,
+17042753164,Robocall,,,1,,
+13256530801,Robocall,,,1,,
+12408505346,Robocall,,,1,,
+16179367741,Robocall,,,1,,
+18887370092,Robocall,,,1,,
+18338859476,Robocall,,,1,,
+18444183316,Robocall,,,1,,
+13237496722,Robocall,,,1,,
+14373780490,Robocall,,,1,,
+12064146304,Robocall,,,1,,
+17162422506,Robocall,,,1,,
+16783893186,Robocall,,,1,,
+14237039464,Robocall,,,1,,
+18887966591,Robocall,,,1,,
+15872615146,Robocall,,,1,,
+12622623978,Robocall,,,1,,
+18436544296,Robocall,,,1,,
+19174099018,Robocall,,,1,,
+18634966656,Robocall,,,1,,
+17049925341,Robocall,,,1,,
+18554941187,Robocall,,,1,,
+18884216592,Robocall,,,1,,
+19734539971,Robocall,,,1,,
+16209031066,Robocall,,,1,,
+16598425516,Robocall,,,1,,
+14387030584,Robocall,,,1,,
+16268021457,Robocall,,,1,,
+15053656098,Robocall,,,1,,
+18056314647,Robocall,,,1,,
+16782453883,Robocall,,,1,,
+17042342640,Robocall,,,1,,
+15029375957,Robocall,,,1,,
+17627019476,Robocall,,,1,,
+18884183572,Robocall,,,1,,
+15132934390,Robocall,,,1,,
+12015770665,Robocall,,,1,,
+14242045463,Robocall,,,1,,
+16786945275,Robocall,,,1,,
+17044434931,Robocall,,,1,,
+16462469174,Robocall,,,1,,
+19053716308,Robocall,,,1,,
+18668243002,Robocall,,,1,,
+19737866612,Robocall,,,1,,
+19497927548,Robocall,,,1,,
+15676088993,Robocall,,,1,,
+13604565135,Robocall,,,1,,
+18774182232,Robocall,,,1,,
+18332345213,Robocall,,,1,,
+18176978148,Robocall,,,1,,
+14068485386,Robocall,,,1,,
+12249311282,Robocall,,,1,,
+19048041888,Robocall,,,1,,
+18045440517,Robocall,,,1,,
+14164754180,Robocall,,,1,,
+18554941007,Robocall,,,1,,
+17087943613,Robocall,,,1,,
+18664412974,Robocall,,,1,,
+18446043934,Robocall,,,1,,
+18005144912,Robocall,,,1,,
+19542906880,Robocall,,,1,,
+19044477573,Robocall,,,1,,
+19058662547,Robocall,,,1,,
+19162991205,Robocall,,,1,,
+17128820947,Robocall,,,1,,
+12814290384,Robocall,,,1,,
+19493687748,Robocall,,,1,,
+18336940701,Robocall,,,1,,
+14069618346,Robocall,,,1,,
+18447642740,Robocall,,,1,,
+18888188694,Robocall,,,1,,
+18587049934,Robocall,,,1,,
+18508695033,Robocall,,,1,,
+15619442231,Robocall,,,1,,
+18554940563,Robocall,,,1,,
+18662745785,Robocall,,,1,,
+17092550578,Robocall,,,1,,
+14136013159,Robocall,,,1,,
+16617443883,Robocall,,,1,,
+16209031351,Robocall,,,1,,
+18328101282,Robocall,,,1,,
+16784687935,Robocall,,,1,,
+13053323288,Robocall,,,1,,
+12525915958,Robocall,,,1,,
+17606527893,Robocall,,,1,,
+12533791102,Robocall,,,1,,
+16052733896,Robocall,,,1,,
+18883818581,Robocall,,,1,,
+19898030162,Robocall,,,1,,
+12543224660,Robocall,,,1,,
+17812035843,Robocall,,,1,,
+18664412370,Robocall,,,1,,
+14353836385,Robocall,,,1,,
+16208882993,Robocall,,,1,,
+12392325659,Robocall,,,1,,
+12532656011,Robocall,,,1,,
+14256965259,Robocall,,,1,,
+15015490614,Robocall,,,1,,
+18436121897,Robocall,,,1,,
+13465233876,Robocall,,,1,,
+17029239608,Robocall,,,1,,
+18334157976,Robocall,,,1,,
+14236407897,Robocall,,,1,,
+13605629424,Robocall,,,1,,
+18664411492,Robocall,,,1,,
+16207985345,Robocall,,,1,,
+19156130998,Robocall,,,1,,
+14056699697,Robocall,,,1,,
+15802208084,Robocall,,,1,,
+19348675725,Robocall,,,1,,
+18602889880,Robocall,,,1,,
+14056699448,Robocall,,,1,,
+17576018630,Robocall,,,1,,
+18334146854,Robocall,,,1,,
+18332486614,Robocall,,,1,,
+16173137028,Robocall,,,1,,
+18452872439,Robocall,,,1,,
+15622879460,Robocall,,,1,,
+14025433980,Robocall,,,1,,
+17577457218,Robocall,,,1,,
+18103790869,Robocall,,,1,,
+17044529472,Robocall,,,1,,
+17272889470,Robocall,,,1,,
+13234932196,Robocall,,,1,,
+18558830487,Robocall,,,1,,
+14346028906,Robocall,,,1,,
+16108174071,Robocall,,,1,,
+15084328585,Robocall,,,1,,
+16502520595,Robocall,,,1,,
+14472071272,Robocall,,,1,,
+17275720069,Robocall,,,1,,
+16625428076,Robocall,,,1,,
+18669775084,Robocall,,,1,,
+17624996748,Robocall,,,1,,
+12294662835,Robocall,,,1,,
+15084324848,Robocall,,,1,,
+17744250757,Robocall,,,1,,
+18044648443,Robocall,,,1,,
+19187126878,Robocall,,,1,,
+17272168705,Robocall,,,1,,
+18137411164,Robocall,,,1,,
+15206389329,Robocall,,,1,,
+17056825711,Robocall,,,1,,
+13522185234,Robocall,,,1,,
+18446490917,Robocall,,,1,,
+15084321971,Robocall,,,1,,
+18663845084,Robocall,,,1,,
+19787752963,Robocall,,,1,,
+17279330849,Robocall,,,1,,
+17572537976,Robocall,,,1,,
+18039004667,Robocall,,,1,,
+12819843241,Robocall,,,1,,
+17279351563,Robocall,,,1,,
+13374549373,Robocall,,,1,,
+17148448171,Robocall,,,1,,
+13214866095,Robocall,,,1,,
+14702939599,Robocall,,,1,,
+14108340694,Robocall,,,1,,
+16464932771,Robocall,,,1,,
+17576324509,Robocall,,,1,,
+17273419914,Robocall,,,1,,
+18173144669,Robocall,,,1,,
+16598999757,Robocall,,,1,,
+12832106401,Robocall,,,1,,
+16576083641,Robocall,,,1,,
+19419191668,Robocall,,,1,,
+17273159383,Robocall,,,1,,
+12097732488,Robocall,,,1,,
+16174044006,Robocall,,,1,,
+17575423767,Robocall,,,1,,
+13166244738,Robocall,,,1,,
+14845910289,Robocall,,,1,,
+16163846360,Robocall,,,1,,
+17273061301,Robocall,,,1,,
+17182205811,Robocall,,,1,,
+17576256466,Robocall,,,1,,
+16206204732,Robocall,,,1,,
+12392084283,Robocall,,,1,,
+16098171109,Robocall,,,1,,
+18448281779,Robocall,,,1,,
+19417578636,Robocall,,,1,,
+15056729716,Robocall,,,1,,
+17572579795,Robocall,,,1,,
+17277586384,Robocall,,,1,,
+16207143388,Robocall,,,1,,
+15408584104,Robocall,,,1,,
+18004010755,Robocall,,,1,,
+18335250421,Robocall,,,1,,
+12157703527,Robocall,,,1,,
+18432071927,Robocall,,,1,,
+17572759418,Robocall,,,1,,
+15024536068,Robocall,,,1,,
+16202631695,Robocall,,,1,,
+12602861396,Robocall,,,1,,
+18669631056,Robocall,,,1,,
+18447641730,Robocall,,,1,,
+18333646047,Robocall,,,1,,
+15728884038,Robocall,,,1,,
+16105840732,Robocall,,,1,,
+18655126347,Robocall,,,1,,
+19492082825,Robocall,,,1,,
+13059174933,Robocall,,,1,,
+18553395442,Robocall,,,1,,
+16207923709,Robocall,,,1,,
+19897109187,Robocall,,,1,,
+16893151572,Robocall,,,1,,
+12194625100,Robocall,,,1,,
+12362159773,Robocall,,,1,,
+14134214286,Robocall,,,1,,
+19493233052,Robocall,,,1,,
+17274003810,Robocall,,,1,,
+15592492095,Robocall,,,1,,
+12296327563,Robocall,,,1,,
+14803743185,Robocall,,,1,,
+15678031056,Robocall,,,1,,
+17274856691,Robocall,,,1,,
+19175609489,Robocall,,,1,,
+18882913945,Robocall,,,1,,
+16193205935,Robocall,,,1,,
+18775341201,Robocall,,,1,,
+12394228049,Robocall,,,1,,
+12406551489,Robocall,,,1,,
+14036643123,Robocall,,,1,,
+12369319923,Robocall,,,1,,
+15043543272,Robocall,,,1,,
+17278705439,Robocall,,,1,,
+18647549824,Robocall,,,1,,
+13152742416,Robocall,,,1,,
+18106213000,Robocall,,,1,,
+17602598856,Robocall,,,1,,
+16614619067,Robocall,,,1,,
+18888994917,Robocall,,,1,,
+17855366224,Robocall,,,1,,
+18185385818,Robocall,,,1,,
+17277051239,Robocall,,,1,,
+12175986800,Robocall,,,1,,
+15819849644,Robocall,,,1,,
+12283513416,Robocall,,,1,,
+18334618932,Robocall,,,1,,
+18554107131,Robocall,,,1,,
+19832218087,Robocall,,,1,,
+15042900935,Robocall,,,1,,
+12108589438,Robocall,,,1,,
+17272396415,Robocall,,,1,,
+13126141048,Robocall,,,1,,
+18383998879,Robocall,,,1,,
+14752902723,Robocall,,,1,,
+19702531181,Robocall,,,1,,
+13478682093,Robocall,,,1,,
+13148845376,Robocall,,,1,,
+12174830028,Robocall,,,1,,
+13026434603,Robocall,,,1,,
+15045772666,Robocall,,,1,,
+18055218506,Robocall,,,1,,
+18068580009,Robocall,,,1,,
+15412491435,Robocall,,,1,,
+19034291127,Robocall,,,1,,
+19362548955,Robocall,,,1,,
+18052908410,Robocall,,,1,,
+15162036273,Robocall,,,1,,
+19187967535,Robocall,,,1,,
+12313593328,Robocall,,,1,,
+15314144285,Robocall,,,1,,
+14026280610,Robocall,,,1,,
+13134449310,Robocall,,,1,,
+19844686273,Robocall,,,1,,
+13032747692,Robocall,,,1,,
+16172450940,Robocall,,,1,,
+16092950231,Robocall,,,1,,
+15705860823,Robocall,,,1,,
+19033851132,Robocall,,,1,,
+14757662634,Robocall,,,1,,
+16263411986,Robocall,,,1,,
+16017690403,Robocall,,,1,,
+18333337502,Robocall,,,1,,
+14076358357,Robocall,,,1,,
+14072644077,Robocall,,,1,,
+17052865067,Robocall,,,1,,
+17578445701,Robocall,,,1,,
+18775341022,Robocall,,,1,,
+12035147825,Robocall,,,1,,
+17792137448,Robocall,,,1,,
+16397719468,Robocall,,,1,,
+17379838553,Robocall,,,1,,
+18323367355,Robocall,,,1,,
+18634003160,Robocall,,,1,,
+18332094356,Robocall,,,1,,
+18177678072,Robocall,,,1,,
+14242547566,Robocall,,,1,,
+18338544775,Robocall,,,1,,
+14315000984,Robocall,,,1,,
+17027832892,Robocall,,,1,,
+13462401031,Robocall,,,1,,
+18132805113,Robocall,,,1,,
+18047791905,Robocall,,,1,,
+14058497685,Robocall,,,1,,
+17192242304,Robocall,,,1,,
+15204364617,Robocall,,,1,,
+18565441913,Robocall,,,1,,
+18668890004,Robocall,,,1,,
+12086975248,Robocall,,,1,,
+17739450361,Robocall,,,1,,
+19142564441,Robocall,,,1,,
+18022328859,Robocall,,,1,,
+13172091168,Robocall,,,1,,
+15045060143,Robocall,,,1,,
+12508847446,Robocall,,,1,,
+15207048716,Robocall,,,1,,
+18594598675,Robocall,,,1,,
+16205148527,Robocall,,,1,,
+17022768597,Robocall,,,1,,
+14238622230,Robocall,,,1,,
+17725101675,Robocall,,,1,,
+18184631953,Robocall,,,1,,
+18449145188,Robocall,,,1,,
+16019941274,Robocall,,,1,,
+17735963378,Robocall,,,1,,
+16672183195,Robocall,,,1,,
+18664948077,Robocall,,,1,,
+17124857747,Robocall,,,1,,
+17374130073,Robocall,,,1,,
+19419923965,Robocall,,,1,,
+14232873086,Robocall,,,1,,
+16018807282,Robocall,,,1,,
+18555801029,Robocall,,,1,,
+18046807650,Robocall,,,1,,
+17196422059,Robocall,,,1,,
+14702938047,Robocall,,,1,,
+18337928608,Robocall,,,1,,
+12246810821,Robocall,,,1,,
+13016866805,Robocall,,,1,,
+17375207212,Robocall,,,1,,
+16012862791,Robocall,,,1,,
+14696672618,Robocall,,,1,,
+14232873961,Robocall,,,1,,
+13102949431,Robocall,,,1,,
+18443201868,Robocall,,,1,,
+13019007832,Robocall,,,1,,
+15155298160,Robocall,,,1,,
+16105268023,Robocall,,,1,,
+16073645907,Robocall,,,1,,
+14144327750,Robocall,,,1,,
+14239793710,Robocall,,,1,,
+17153184100,Robocall,,,1,,
+15674777597,Robocall,,,1,,
+19043198579,Robocall,,,1,,
+19193172688,Robocall,,,1,,
+16014560272,Robocall,,,1,,
+14022515953,Robocall,,,1,,
+18446492091,Robocall,,,1,,
+13863772644,Robocall,,,1,,
+18447103029,Robocall,,,1,,
+14054059063,Robocall,,,1,,
+18167893285,Robocall,,,1,,
+19863480180,Robocall,,,1,,
+13527614282,Robocall,,,1,,
+16018987473,Robocall,,,1,,
+18888426328,Robocall,,,1,,
+18883561968,Robocall,,,1,,
+18177599360,Robocall,,,1,,
+13183865775,Robocall,,,1,,
+19512237571,Robocall,,,1,,
+12029334761,Robocall,,,1,,
+14693042326,Robocall,,,1,,
+16155655416,Robocall,,,1,,
+19033851918,Robocall,,,1,,
+18704560596,Robocall,,,1,,
+18556701296,Robocall,,,1,,
+15512774209,Robocall,,,1,,
+12527525200,Robocall,,,1,,
+14103042926,Robocall,,,1,,
+19187339482,Robocall,,,1,,
+16017655575,Robocall,,,1,,
+17869710264,Robocall,,,1,,
+16826810292,Robocall,,,1,,
+18312982998,Robocall,,,1,,
+12082954246,Robocall,,,1,,
+12518906792,Robocall,,,1,,
+16019965804,Robocall,,,1,,
+17473291876,Robocall,,,1,,
+18157689665,Robocall,,,1,,
+14057053221,Robocall,,,1,,
+17402614633,Robocall,,,1,,
+12109647655,Robocall,,,1,,
+16018416495,Robocall,,,1,,
+17746541319,Robocall,,,1,,
+18178037471,Robocall,,,1,,
+19175909489,Robocall,,,1,,
+18506009051,Robocall,,,1,,
+14028082136,Robocall,,,1,,
+15714700875,Robocall,,,1,,
+16165122519,Robocall,,,1,,
+18332115561,Robocall,,,1,,
+18336873226,Robocall,,,1,,
+17608898680,Robocall,,,1,,
+15592358361,Robocall,,,1,,
+16017895051,Robocall,,,1,,
+12207998521,Robocall,,,1,,
+19193556377,Robocall,,,1,,
+14255178029,Robocall,,,1,,
+13203648842,Robocall,,,1,,
+16284668039,Robocall,,,1,,
+18888442147,Robocall,,,1,,
+19162222447,Robocall,,,1,,
+19048208096,Robocall,,,1,,
+14359227743,Robocall,,,1,,
+13134884290,Robocall,,,1,,
+16019145691,Robocall,,,1,,
+15717717869,Robocall,,,1,,
+18105250474,Robocall,,,1,,
+18044486902,Robocall,,,1,,
+15172713384,Robocall,,,1,,
+16038024405,Robocall,,,1,,
+16017075032,Robocall,,,1,,
+16782284290,Robocall,,,1,,
+17473158607,Robocall,,,1,,
+16693364078,Robocall,,,1,,
+16693888971,Robocall,,,1,,
+13012008974,Robocall,,,1,,
+19512340449,Robocall,,,1,,
+17027489352,Robocall,,,1,,
+16019654637,Robocall,,,1,,
+18665502097,Robocall,,,1,,
+18637898814,Robocall,,,1,,
+13013591856,Robocall,,,1,,
+18446491381,Robocall,,,1,,
+16182008978,Robocall,,,1,,
+18333715782,Robocall,,,1,,
+18188063951,Robocall,,,1,,
+18459693741,Robocall,,,1,,
+17179833789,Robocall,,,1,,
+17152556354,Robocall,,,1,,
+17602820714,Robocall,,,1,,
+18132958139,Robocall,,,1,,
+14243885530,Robocall,,,1,,
+18335657154,Robocall,,,1,,
+14423244296,Robocall,,,1,,
+19522575789,Robocall,,,1,,
+15402830013,Robocall,,,1,,
+16307069467,Robocall,,,1,,
+18553230603,Robocall,,,1,,
+17284966913,Robocall,,,1,,
+14703972445,Robocall,,,1,,
+17655078238,Robocall,,,1,,
+13022621290,Robocall,,,1,,
+17602597201,Robocall,,,1,,
+18005133916,Robocall,,,1,,
+18012777000,Robocall,,,1,,
+19035181889,Robocall,,,1,,
+14146713005,Robocall,,,1,,
+13179618307,Robocall,,,1,,
+12403189545,Robocall,,,1,,
+12513970977,Robocall,,,1,,
+18135684953,Robocall,,,1,,
+16122186185,Robocall,,,1,,
+18663424706,Robocall,,,1,,
+19842579854,Robocall,,,1,,
+19014035609,Robocall,,,1,,
+14128881000,Robocall,,,1,,
+18443959689,Robocall,,,1,,
+12812143683,Robocall,,,1,,
+16017211998,Robocall,,,1,,
+18333649309,Robocall,,,1,,
+18338146423,Robocall,,,1,,
+19016808513,Robocall,,,1,,
+13179361907,Robocall,,,1,,
+13022337586,Robocall,,,1,,
+17087082089,Robocall,,,1,,
+16033210606,Robocall,,,1,,
+16018735674,Robocall,,,1,,
+13212822411,Robocall,,,1,,
+13266006220,Robocall,,,1,,
+13179612251,Robocall,,,1,,
+18048675309,Robocall,,,1,,
+16016406363,Robocall,,,1,,
+18777104024,Robocall,,,1,,
+19017634237,Robocall,,,1,,
+17088590393,Robocall,,,1,,
+12103686311,Robocall,,,1,,
+14794059280,Robocall,,,1,,
+17165994732,Robocall,,,1,,
+18552562910,Robocall,,,1,,
+19012214756,Robocall,,,1,,
+17018953811,Robocall,,,1,,
+12243864637,Robocall,,,1,,
+18313535879,Robocall,,,1,,
+13305515929,Robocall,,,1,,
+18175626650,Robocall,,,1,,
+17575548233,Robocall,,,1,,
+17326554080,Robocall,,,1,,
+16014605946,Robocall,,,1,,
+12094210805,Robocall,,,1,,
+16122938257,Robocall,,,1,,
+19017429983,Robocall,,,1,,
+14244382852,Robocall,,,1,,
+18446108415,Robocall,,,1,,
+16192100867,Robocall,,,1,,
+13193183853,Robocall,,,1,,
+12066299680,Robocall,,,1,,
+19202129840,Robocall,,,1,,
+15417601179,Robocall,,,1,,
+12272532975,Robocall,,,1,,
+18888443515,Robocall,,,1,,
+18446296475,Robocall,,,1,,
+13602919092,Robocall,,,1,,
+18555800965,Robocall,,,1,,
+19709193560,Robocall,,,1,,
+19016141246,Robocall,,,1,,
+19152133245,Robocall,,,1,,
+19085931145,Robocall,,,1,,
+12604996437,Robocall,,,1,,
+14692275265,Robocall,,,1,,
+12489400345,Robocall,,,1,,
+18398884093,Robocall,,,1,,
+18392471270,Robocall,,,1,,
+17864421841,Robocall,,,1,,
+12163004131,Robocall,,,1,,
+19017168814,Robocall,,,1,,
+18663233401,Robocall,,,1,,
+18564072533,Robocall,,,1,,
+18332108966,Robocall,,,1,,
+17712220136,Robocall,,,1,,
+17078434183,Robocall,,,1,,
+18553753803,Robocall,,,1,,
+13159192111,Robocall,,,1,,
+19014370715,Robocall,,,1,,
+18888441993,Robocall,,,1,,
+17652490955,Robocall,,,1,,
+12104012306,Robocall,,,1,,
+18123520094,Robocall,,,1,,
+18889061675,Robocall,,,1,,
+17125293475,Robocall,,,1,,
+19017549789,Robocall,,,1,,
+18135247450,Robocall,,,1,,
+19256667504,Robocall,,,1,,
+18574669711,Robocall,,,1,,
+12048181928,Robocall,,,1,,
+12243795309,Robocall,,,1,,
+12628982070,Robocall,,,1,,
+18125679677,Robocall,,,1,,
+19016467906,Robocall,,,1,,
+16402059185,Robocall,,,1,,
+12163655807,Robocall,,,1,,
+19899435522,Robocall,,,1,,
+18888444595,Robocall,,,1,,
+16016024108,Robocall,,,1,,
+18442023075,Robocall,,,1,,
+12026847897,Robocall,,,1,,
+16628945142,Robocall,,,1,,
+18128449161,Robocall,,,1,,
+19016998164,Robocall,,,1,,
+12606937080,Robocall,,,1,,
+16098170596,Robocall,,,1,,
+12897970325,Robocall,,,1,,
+13609243820,Robocall,,,1,,
+13523332525,Robocall,,,1,,
+16572154097,Robocall,,,1,,
+12024305934,Robocall,,,1,,
+14706673786,Robocall,,,1,,
+14255724822,Robocall,,,1,,
+18128942779,Robocall,,,1,,
+16074632508,Robocall,,,1,,
+13017096684,Robocall,,,1,,
+15742060215,Robocall,,,1,,
+17578442223,Robocall,,,1,,
+13863842752,Robocall,,,1,,
+15102018411,Robocall,,,1,,
+18646928376,Robocall,,,1,,
+14706919480,Robocall,,,1,,
+18007623390,Robocall,,,1,,
+18882405602,Robocall,,,1,,
+19856644020,Robocall,,,1,,
+14099777514,Robocall,,,1,,
+18882236056,Robocall,,,1,,
+18575775045,Robocall,,,1,,
+18555802631,Robocall,,,1,,
+18446083380,Robocall,,,1,,
+12175227744,Robocall,,,1,,
+18334574881,Robocall,,,1,,
+14072357395,Robocall,,,1,,
+14192162968,Robocall,,,1,,
+12602049798,Robocall,,,1,,
+18062551757,Robocall,,,1,,
+19494098505,Robocall,,,1,,
+13019150058,Robocall,,,1,,
+18668040429,Robocall,,,1,,
+18333287595,Robocall,,,1,,
+18565993585,Robocall,,,1,,
+18447671202,Robocall,,,1,,
+14125899799,Robocall,,,1,,
+16502041111,Robocall,,,1,,
+16572052346,Robocall,,,1,,
+13214775498,Robocall,,,1,,
+15745000026,Robocall,,,1,,
+19839993715,Robocall,,,1,,
+14809944201,Robocall,,,1,,
+16614648542,Robocall,,,1,,
+13013011100,Robocall,,,1,,
+14092093278,Robocall,,,1,,
+16508827796,Robocall,,,1,,
+14692038008,Robocall,,,1,,
+17372010995,Robocall,,,1,,
+18774481402,Robocall,,,1,,
+14702939597,Robocall,,,1,,
+13527124563,Robocall,,,1,,
+17579704786,Robocall,,,1,,
+18332342904,Robocall,,,1,,
+14092857448,Robocall,,,1,,
+18564998968,Robocall,,,1,,
+15129904291,Robocall,,,1,,
+12163004144,Robocall,,,1,,
+15419070068,Robocall,,,1,,
+19283610865,Robocall,,,1,,
+16576083218,Robocall,,,1,,
+15076207292,Robocall,,,1,,
+18563862651,Robocall,,,1,,
+19285259080,Robocall,,,1,,
+18558830649,Robocall,,,1,,
+13012613426,Robocall,,,1,,
+15129308568,Robocall,,,1,,
+14697938100,Robocall,,,1,,
+16159673213,Robocall,,,1,,
+18015760996,Robocall,,,1,,
+18332397200,Robocall,,,1,,
+19382171596,Robocall,,,1,,
+13609246816,Robocall,,,1,,
+19284579289,Robocall,,,1,,
+17088857433,Robocall,,,1,,
+18337963965,Robocall,,,1,,
+18777320317,Robocall,,,1,,
+18556704028,Robocall,,,1,,
+18886335127,Robocall,,,1,,
+14174325920,Robocall,,,1,,
+12405601263,Robocall,,,1,,
+19097123736,Robocall,,,1,,
+14345689327,Robocall,,,1,,
+18556927725,Robocall,,,1,,
+18882694550,Robocall,,,1,,
+18012291698,Robocall,,,1,,
+17403028431,Robocall,,,1,,
+16202158108,Robocall,,,1,,
+18255982890,Robocall,,,1,,
+15127473791,Robocall,,,1,,
+18149999893,Robocall,,,1,,
+16035706042,Robocall,,,1,,
+14092366439,Robocall,,,1,,
+16143215178,Robocall,,,1,,
+17406752106,Robocall,,,1,,
+17707608246,Robocall,,,1,,
+18666420809,Robocall,,,1,,
+17175277875,Robocall,,,1,,
+15145343333,Robocall,,,1,,
+17022157139,Robocall,,,1,,
+15206411441,Robocall,,,1,,
+13072980381,Robocall,,,1,,
+18018107850,Robocall,,,1,,
+12105803775,Robocall,,,1,,
+17252010237,Robocall,,,1,,
+14845471925,Robocall,,,1,,
+15642642591,Robocall,,,1,,
+18662204617,Robocall,,,1,,
+15745000042,Robocall,,,1,,
+18555675912,Robocall,,,1,,
+17029411980,Robocall,,,1,,
+18775341150,Robocall,,,1,,
+15707304306,Robocall,,,1,,
+16146583720,Robocall,,,1,,
+13414418051,Robocall,,,1,,
+13342144314,Robocall,,,1,,
+17175820018,Robocall,,,1,,
+13864331859,Robocall,,,1,,
+18446043695,Robocall,,,1,,
+18667716389,Robocall,,,1,,
+16826263200,Robocall,,,1,,
+16452057117,Robocall,,,1,,
+15708753976,Robocall,,,1,,
+14697185235,Robocall,,,1,,
+14092366656,Robocall,,,1,,
+14232995313,Robocall,,,1,,
+18507543930,Robocall,,,1,,
+15168475960,Robocall,,,1,,
+18338109672,Robocall,,,1,,
+18335481549,Robocall,,,1,,
+12247223662,Robocall,,,1,,
+19106953922,Robocall,,,1,,
+18103710154,Robocall,,,1,,
+18777687812,Robocall,,,1,,
+15127885320,Robocall,,,1,,
+12515720534,Robocall,,,1,,
+14013072826,Robocall,,,1,,
+13649009409,Robocall,,,1,,
+14387030793,Robocall,,,1,,
+17578275684,Robocall,,,1,,
+17324902451,Robocall,,,1,,
+14698135046,Robocall,,,1,,
+15126103237,Robocall,,,1,,
+14696913470,Robocall,,,1,,
+12818539941,Robocall,,,1,,
+17473208909,Robocall,,,1,,
+19382429065,Robocall,,,1,,
+17712220194,Robocall,,,1,,
+18883690915,Robocall,,,1,,
+12814537286,Robocall,,,1,,
+18775341074,Robocall,,,1,,
+18653380195,Robocall,,,1,,
+18336699962,Robocall,,,1,,
+12249311314,Robocall,,,1,,
+19739227995,Robocall,,,1,,
+19542505419,Robocall,,,1,,
+18324298319,Robocall,,,1,,
+18774700468,Robocall,,,1,,
+17377571940,Robocall,,,1,,
+12696956613,Robocall,,,1,,
+14095156827,Robocall,,,1,,
+13343578180,Robocall,,,1,,
+18333539174,Robocall,,,1,,
+12312939045,Robocall,,,1,,
+18449581684,Robocall,,,1,,
+18337667139,Robocall,,,1,,
+13094200707,Robocall,,,1,,
+18337609432,Robocall,,,1,,
+15078160906,Robocall,,,1,,
+13852009217,Robocall,,,1,,
+17609132049,Robocall,,,1,,
+19015829335,Robocall,,,1,,
+12164358589,Robocall,,,1,,
+12018854699,Robocall,,,1,,
+12104465894,Robocall,,,1,,
+18035253308,Robocall,,,1,,
+16828163305,Robocall,,,1,,
+18334403708,Robocall,,,1,,
+19517831878,Robocall,,,1,,
+14702939825,Robocall,,,1,,
+15512809919,Robocall,,,1,,
+12567785207,Robocall,,,1,,
+19793043684,Robocall,,,1,,
+15705972172,Robocall,,,1,,
+14074397406,Robocall,,,1,,
+12563580360,Robocall,,,1,,
+16149534973,Robocall,,,1,,
+19366576948,Robocall,,,1,,
+18333776591,Robocall,,,1,,
+18449585665,Robocall,,,1,,
+12512167669,Robocall,,,1,,
+12483976722,Robocall,,,1,,
+12676578715,Robocall,,,1,,
+14095456827,Robocall,,,1,,
+12193731018,Robocall,,,1,,
+18663424704,Robocall,,,1,,
+19516184164,Robocall,,,1,,
+17813181910,Robocall,,,1,,
+18333735216,Robocall,,,1,,
+16142764044,Robocall,,,1,,
+15302319633,Robocall,,,1,,
+19128887869,Robocall,,,1,,
+18006215016,Robocall,,,1,,
+19785994438,Robocall,,,1,,
+15134400631,Robocall,,,1,,
+18336534168,Robocall,,,1,,
+14045955493,Robocall,,,1,,
+14092099461,Robocall,,,1,,
+12512725369,Robocall,,,1,,
+19144363769,Robocall,,,1,,
+18012159043,Robocall,,,1,,
+16145080781,Robocall,,,1,,
+18774700415,Robocall,,,1,,
+16393164911,Robocall,,,1,,
+14322205890,Robocall,,,1,,
+17144610840,Robocall,,,1,,
+13522808181,Robocall,,,1,,
+15043615531,Robocall,,,1,,
+13107597557,Robocall,,,1,,
+16626548402,Robocall,,,1,,
+13267327067,Robocall,,,1,,
+19804799124,Robocall,,,1,,
+18772360765,Robocall,,,1,,
+18335482212,Robocall,,,1,,
+18336315234,Robocall,,,1,,
+18774980489,Robocall,,,1,,
+14096002243,Robocall,,,1,,
+15745000108,Robocall,,,1,,
+18777821323,Robocall,,,1,,
+16144254380,Robocall,,,1,,
+17193191200,Robocall,,,1,,
+15052331658,Robocall,,,1,,
+16232917283,Robocall,,,1,,
+18553753765,Robocall,,,1,,
+17349991915,Robocall,,,1,,
+13153503001,Robocall,,,1,,
+13038570927,Robocall,,,1,,
+13523208181,Robocall,,,1,,
+12163451829,Robocall,,,1,,
+16465767714,Robocall,,,1,,
+19342144998,Robocall,,,1,,
+16514857647,Robocall,,,1,,
+15128199190,Robocall,,,1,,
+18339384268,Robocall,,,1,,
+18446422481,Robocall,,,1,,
+17029057658,Robocall,,,1,,
+17087081760,Robocall,,,1,,
+18775499611,Robocall,,,1,,
+19184051079,Robocall,,,1,,
+14693265229,Robocall,,,1,,
+19034324207,Robocall,,,1,,
+17055169757,Robocall,,,1,,
+18775340604,Robocall,,,1,,
+18569941103,Robocall,,,1,,
+19414482033,Robocall,,,1,,
+13368520346,Robocall,,,1,,
+19093303624,Robocall,,,1,,
+14156855410,Robocall,,,1,,
+17165764263,Robocall,,,1,,
+12052027330,Robocall,,,1,,
+18332845836,Robocall,,,1,,
+19102274597,Robocall,,,1,,
+18153151777,Robocall,,,1,,
+18172317392,Robocall,,,1,,
+18888600052,Robocall,,,1,,
+15206066174,Robocall,,,1,,
+12814696540,Robocall,,,1,,
+19044358952,Robocall,,,1,,
+16303484354,Robocall,,,1,,
+13144709722,Robocall,,,1,,
+19016985567,Robocall,,,1,,
+15204732344,Robocall,,,1,,
+18557951339,Robocall,,,1,,
+18049451227,Robocall,,,1,,
+18884641358,Robocall,,,1,,
+16467292079,Robocall,,,1,,
+16187178184,Robocall,,,1,,
+12157555399,Robocall,,,1,,
+17572012911,Robocall,,,1,,
+16315260218,Robocall,,,1,,
+15206572804,Robocall,,,1,,
+15619565907,Robocall,,,1,,
+17578195919,Robocall,,,1,,
+12623316174,Robocall,,,1,,
+17722447129,Robocall,,,1,,
+18555800698,Robocall,,,1,,
+14342973160,Robocall,,,1,,
+18665724305,Robocall,,,1,,
+18332741021,Robocall,,,1,,
+12022703271,Robocall,,,1,,
+18064600780,Robocall,,,1,,
+16134569765,Robocall,,,1,,
+13143967733,Robocall,,,1,,
+13364831514,Robocall,,,1,,
+19842562359,Robocall,,,1,,
+16206261359,Robocall,,,1,,
+19108698345,Robocall,,,1,,
+12104263970,Robocall,,,1,,
+18447241708,Robocall,,,1,,
+19103025602,Robocall,,,1,,
+14346248636,Robocall,,,1,,
+18332286011,Robocall,,,1,,
+19034998743,Robocall,,,1,,
+17606427599,Robocall,,,1,,
+18552892516,Robocall,,,1,,
+18882856057,Robocall,,,1,,
+18335413771,Robocall,,,1,,
+16265611525,Robocall,,,1,,
+15053349377,Robocall,,,1,,
+17027289405,Robocall,,,1,,
+17406284258,Robocall,,,1,,
+17042265433,Robocall,,,1,,
+19102925976,Robocall,,,1,,
+17343862033,Robocall,,,1,,
+18663233586,Robocall,,,1,,
+19284727246,Robocall,,,1,,
+17734081933,Robocall,,,1,,
+13087269819,Robocall,,,1,,
+18883104513,Robocall,,,1,,
+12095912896,Robocall,,,1,,
+18663231770,Robocall,,,1,,
+14057648581,Robocall,,,1,,
+19295071322,Robocall,,,1,,
+12818177615,Robocall,,,1,,
+16468742340,Robocall,,,1,,
+18017318603,Robocall,,,1,,
+18667715919,Robocall,,,1,,
+17252205072,Robocall,,,1,,
+13035264908,Robocall,,,1,,
+17012894290,Robocall,,,1,,
+16806885447,Robocall,,,1,,
+13082204054,Robocall,,,1,,
+16312685810,Robocall,,,1,,
+15642134499,Robocall,,,1,,
+13164530026,Robocall,,,1,,
+18282207786,Robocall,,,1,,
+18019634532,Robocall,,,1,,
+19107393544,Robocall,,,1,,
+13235866178,Robocall,,,1,,
+18338551035,Robocall,,,1,,
+12813788281,Robocall,,,1,,
+19083605933,Robocall,,,1,,
+17163067354,Robocall,,,1,,
+18553572042,Robocall,,,1,,
+12548441766,Robocall,,,1,,
+13082840075,Robocall,,,1,,
+18018231429,Robocall,,,1,,
+18472815434,Robocall,,,1,,
+19087108016,Robocall,,,1,,
+16572255919,Robocall,,,1,,
+19432322574,Robocall,,,1,,
+19102347146,Robocall,,,1,,
+19102181563,Robocall,,,1,,
+18882063389,Robocall,,,1,,
+18334238168,Robocall,,,1,,
+19849983467,Robocall,,,1,,
+13213219012,Robocall,,,1,,
+16307885332,Robocall,,,1,,
+18014107928,Robocall,,,1,,
+15746314116,Robocall,,,1,,
+19706925736,Robocall,,,1,,
+18668742369,Robocall,,,1,,
+18666156169,Robocall,,,1,,
+17279982909,Robocall,,,1,,
+15642204623,Robocall,,,1,,
+19493304558,Robocall,,,1,,
+18774700327,Robocall,,,1,,
+17152044608,Robocall,,,1,,
+19849983507,Robocall,,,1,,
+14387030582,Robocall,,,1,,
+14073770550,Robocall,,,1,,
+15409694948,Robocall,,,1,,
+13866970671,Robocall,,,1,,
+12064717082,Robocall,,,1,,
+18666403124,Robocall,,,1,,
+14106017242,Robocall,,,1,,
+12093180478,Robocall,,,1,,
+17209032899,Robocall,,,1,,
+17138792023,Robocall,,,1,,
+14088976284,Robocall,,,1,,
+14353529940,Robocall,,,1,,
+18559758433,Robocall,,,1,,
+19034104553,Robocall,,,1,,
+15302255250,Robocall,,,1,,
+18329700671,Robocall,,,1,,
+14752031063,Robocall,,,1,,
+18332953016,Robocall,,,1,,
+12535959931,Robocall,,,1,,
+19493304838,Robocall,,,1,,
+17868071847,Robocall,,,1,,
+17152554577,Robocall,,,1,,
+16204506707,Robocall,,,1,,
+18017960657,Robocall,,,1,,
+14432351702,Robocall,,,1,,
+19199103492,Robocall,,,1,,
+12762237259,Robocall,,,1,,
+12504280290,Robocall,,,1,,
+18338273808,Robocall,,,1,,
+15732241544,Robocall,,,1,,
+18447640369,Robocall,,,1,,
+15733273448,Robocall,,,1,,
+19199103459,Robocall,,,1,,
+18555744491,Robocall,,,1,,
+18664820957,Robocall,,,1,,
+18557604672,Robocall,,,1,,
+18064428353,Robocall,,,1,,
+18042721429,Robocall,,,1,,
+16203272595,Robocall,,,1,,
+18459220317,Robocall,,,1,,
+18884185366,Robocall,,,1,,
+16785493357,Robocall,,,1,,
+18597959033,Robocall,,,1,,
+17138327587,Robocall,,,1,,
+14077949377,Robocall,,,1,,
+12103469792,Robocall,,,1,,
+17139362596,Robocall,,,1,,
+16203591341,Robocall,,,1,,
+18667716557,Robocall,,,1,,
+12179155849,Robocall,,,1,,
+14503928388,Robocall,,,1,,
+15419523110,Robocall,,,1,,
+18333381279,Robocall,,,1,,
+19365463024,Robocall,,,1,,
+19036481387,Robocall,,,1,,
+18339128753,Robocall,,,1,,
+16267454624,Robocall,,,1,,
+12109853123,Robocall,,,1,,
+18172860988,Robocall,,,1,,
+12275760489,Robocall,,,1,,
+18336027429,Robocall,,,1,,
+13126326735,Robocall,,,1,,
+18556704115,Robocall,,,1,,
+18087556595,Robocall,,,1,,
+12527650199,Robocall,,,1,,
+18667116408,Robocall,,,1,,
+16192344883,Robocall,,,1,,
+18447921135,Robocall,,,1,,
+19548335948,Robocall,,,1,,
+16478736395,Robocall,,,1,,
+18165744676,Robocall,,,1,,
+12527181208,Robocall,,,1,,
+18773302863,Robocall,,,1,,
+12164837105,Robocall,,,1,,
+16318584192,Robocall,,,1,,
+12109601851,Robocall,,,1,,
+18334927559,Robocall,,,1,,
+14088971300,Robocall,,,1,,
+18663232620,Robocall,,,1,,
+19283429882,Robocall,,,1,,
+15052010607,Robocall,,,1,,
+18137363138,Robocall,,,1,,
+19498055567,Robocall,,,1,,
+15302074300,Robocall,,,1,,
+19089211386,Robocall,,,1,,
+17042333704,Robocall,,,1,,
+18777820945,Robocall,,,1,,
+12053467674,Robocall,,,1,,
+18137219286,Robocall,,,1,,
+17135653869,Robocall,,,1,,
+14134212270,Robocall,,,1,,
+19103025827,Robocall,,,1,,
+16309489899,Robocall,,,1,,
+18338088970,Robocall,,,1,,
+18022846301,Robocall,,,1,,
+18135439700,Robocall,,,1,,
+18447241709,Robocall,,,1,,
+12109647333,Robocall,,,1,,
+12234238590,Robocall,,,1,,
+17042669128,Robocall,,,1,,
+18668593792,Robocall,,,1,,
+18285196261,Robocall,,,1,,
+17147802631,Robocall,,,1,,
+19852821280,Robocall,,,1,,
+17183605432,Robocall,,,1,,
+13855384082,Robocall,,,1,,
+17176816910,Robocall,,,1,,
+19103025507,Robocall,,,1,,
+14705169875,Robocall,,,1,,
+15633551492,Robocall,,,1,,
+18054779111,Robocall,,,1,,
+18888083583,Robocall,,,1,,
+18176060727,Robocall,,,1,,
+18445486706,Robocall,,,1,,
+18035678670,Robocall,,,1,,
+14152230191,Robocall,,,1,,
+18502539795,Robocall,,,1,,
+13236732864,Robocall,,,1,,
+19849983890,Robocall,,,1,,
+19108783983,Robocall,,,1,,
+17712717485,Robocall,,,1,,
+15053900514,Robocall,,,1,,
+14153388901,Robocall,,,1,,
+12527126965,Robocall,,,1,,
+12105239890,Robocall,,,1,,
+18555503042,Robocall,,,1,,
+18285795727,Robocall,,,1,,
+16099388773,Robocall,,,1,,
+18885025881,Robocall,,,1,,
+17473309261,Robocall,,,1,,
+19108618405,Robocall,,,1,,
+15066992360,Robocall,,,1,,
+18444571050,Robocall,,,1,,
+15715730111,Robocall,,,1,,
+15302042458,Robocall,,,1,,
+15089360775,Robocall,,,1,,
+19103025724,Robocall,,,1,,
+13852970806,Robocall,,,1,,
+18305820176,Robocall,,,1,,
+14152512861,Robocall,,,1,,
+19107196952,Robocall,,,1,,
+18109538774,Robocall,,,1,,
+12767771411,Robocall,,,1,,
+12525893451,Robocall,,,1,,
+18776811594,Robocall,,,1,,
+18623216331,Robocall,,,1,,
+17864041842,Robocall,,,1,,
+18882507027,Robocall,,,1,,
+13217850287,Robocall,,,1,,
+12162938148,Robocall,,,1,,
+19804613921,Robocall,,,1,,
+19737983709,Robocall,,,1,,
+14056967375,Robocall,,,1,,
+18663394979,Robocall,,,1,,
+18054630165,Robocall,,,1,,
+12272304927,Robocall,,,1,,
+13049151181,Robocall,,,1,,
+19845103626,Robocall,,,1,,
+19718005335,Robocall,,,1,,
+18446043762,Robocall,,,1,,
+19142976260,Robocall,,,1,,
+12314509872,Robocall,,,1,,
+15755922688,Robocall,,,1,,
+19108451468,Robocall,,,1,,
+15018426150,Robocall,,,1,,
+19058299815,Robocall,,,1,,
+15177170354,Robocall,,,1,,
+17173262899,Robocall,,,1,,
+18776811220,Robocall,,,1,,
+14196998722,Robocall,,,1,,
+18175236932,Robocall,,,1,,
+18104260476,Robocall,,,1,,
+18392448264,Robocall,,,1,,
+15733276552,Robocall,,,1,,
+12679067445,Robocall,,,1,,
+18664990966,Robocall,,,1,,
+14105875978,Robocall,,,1,,
+18108816164,Robocall,,,1,,
+18337958416,Robocall,,,1,,
+15753120648,Robocall,,,1,,
+12527864987,Robocall,,,1,,
+16137993747,Robocall,,,1,,
+16163447769,Robocall,,,1,,
+18632568193,Robocall,,,1,,
+15733286561,Robocall,,,1,,
+18723855158,Robocall,,,1,,
+18338930352,Robocall,,,1,,
+19104154063,Robocall,,,1,,
+18136398444,Robocall,,,1,,
+19095062562,Robocall,,,1,,
+19805388590,Robocall,,,1,,
+18779610810,Robocall,,,1,,
+18559490762,Robocall,,,1,,
+18772923422,Robocall,,,1,,
+19739378285,Robocall,,,1,,
+15028628947,Robocall,,,1,,
+18133479446,Robocall,,,1,,
+16478950868,Robocall,,,1,,
+19722442255,Robocall,,,1,,
+19752022755,Robocall,,,1,,
+14083549128,Robocall,,,1,,
+17346005087,Robocall,,,1,,
+17728420741,Robocall,,,1,,
+13073341549,Robocall,,,1,,
+13362237855,Robocall,,,1,,
+17604105968,Robocall,,,1,,
+12047894413,Robocall,,,1,,
+18139645975,Robocall,,,1,,
+15014510390,Robocall,,,1,,
+18017683692,Robocall,,,1,,
+12623565613,Robocall,,,1,,
+13139233087,Robocall,,,1,,
+19497925963,Robocall,,,1,,
+13149183119,Robocall,,,1,,
+13143708099,Robocall,,,1,,
+18557111900,Robocall,,,1,,
+13032764106,Robocall,,,1,,
+18136592182,Robocall,,,1,,
+17076067774,Robocall,,,1,,
+16303949722,Robocall,,,1,,
+19283618685,Robocall,,,1,,
+14085859145,Robocall,,,1,,
+18666015717,Robocall,,,1,,
+17432867499,Robocall,,,1,,
+18776898723,Robocall,,,1,,
+18198924012,Robocall,,,1,,
+15204388708,Robocall,,,1,,
+16616898987,Robocall,,,1,,
+13267586456,Robocall,,,1,,
+19498055310,Robocall,,,1,,
+19379890613,Robocall,,,1,,
+17868491078,Robocall,,,1,,
+12263220697,Robocall,,,1,,
+12505858758,Robocall,,,1,,
+19366576867,Robocall,,,1,,
+19082811379,Robocall,,,1,,
+15206827553,Robocall,,,1,,
+14177358407,Robocall,,,1,,
+19704599728,Robocall,,,1,,
+14434647507,Robocall,,,1,,
+13867320068,Robocall,,,1,,
+17074136234,Robocall,,,1,,
+12679174627,Robocall,,,1,,
+18559275851,Robocall,,,1,,
+17862167048,Robocall,,,1,,
+18777882712,Robocall,,,1,,
+12258371841,Robocall,,,1,,
+18723636390,Robocall,,,1,,
+18337421805,Robocall,,,1,,
+19082361426,Robocall,,,1,,
+18667695506,Robocall,,,1,,
+18456304373,Robocall,,,1,,
+13023870569,Robocall,,,1,,
+18185927782,Robocall,,,1,,
+15075544939,Robocall,,,1,,
+13214103020,Robocall,,,1,,
+12253619520,Robocall,,,1,,
+17862635261,Robocall,,,1,,
+18559402450,Robocall,,,1,,
+14242390846,Robocall,,,1,,
+16207654859,Robocall,,,1,,
+18662735944,Robocall,,,1,,
+13034971074,Robocall,,,1,,
+18187461096,Robocall,,,1,,
+14693062463,Robocall,,,1,,
+16145738438,Robocall,,,1,,
+13039848485,Robocall,,,1,,
+18572038014,Robocall,,,1,,
+18889356423,Robocall,,,1,,
+18554274682,Robocall,,,1,,
+19084375277,Robocall,,,1,,
+15106812272,Robocall,,,1,,
+17196745795,Robocall,,,1,,
+15203349571,Robocall,,,1,,
+13232854260,Robocall,,,1,,
+15624434347,Robocall,,,1,,
+17623669568,Robocall,,,1,,
+13184471928,Robocall,,,1,,
+18777821468,Robocall,,,1,,
+17027090061,Robocall,,,1,,
+18138246570,Robocall,,,1,,
+19709824550,Robocall,,,1,,
+15205575742,Robocall,,,1,,
+15102016203,Robocall,,,1,,
+13152156858,Robocall,,,1,,
+19852877303,Robocall,,,1,,
+18447241490,Robocall,,,1,,
+12816479371,Robocall,,,1,,
+15023349565,Robocall,,,1,,
+19177088443,Robocall,,,1,,
+13608550943,Robocall,,,1,,
+13864494751,Robocall,,,1,,
+15138128535,Robocall,,,1,,
+13369107937,Robocall,,,1,,
+12093367454,Robocall,,,1,,
+17622679512,Robocall,,,1,,
+18555503024,Robocall,,,1,,
+16162608648,Robocall,,,1,,
+19714790155,Robocall,,,1,,
+12178637310,Robocall,,,1,,
+13522048806,Robocall,,,1,,
+16267726945,Robocall,,,1,,
+14044183176,Robocall,,,1,,
+18045991855,Robocall,,,1,,
+18884409162,Robocall,,,1,,
+18652095218,Robocall,,,1,,
+14038985411,Robocall,,,1,,
+19432748829,Robocall,,,1,,
+13438861107,Robocall,,,1,,
+17086945721,Robocall,,,1,,
+16398215016,Robocall,,,1,,
+18447163164,Robocall,,,1,,
+12816942930,Robocall,,,1,,
+18453229549,Robocall,,,1,,
+17086621731,Robocall,,,1,,
+12725293193,Robocall,,,1,,
+18887163715,Robocall,,,1,,
+14388891155,Robocall,,,1,,
+12134299717,Robocall,,,1,,
+18554470085,Robocall,,,1,,
+19293648375,Robocall,,,1,,
+19565817123,Robocall,,,1,,
+18447920101,Robocall,,,1,,
+18339364716,Robocall,,,1,,
+14043747844,Robocall,,,1,,
+18887177503,Robocall,,,1,,
+18337775769,Robocall,,,1,,
+17083607105,Robocall,,,1,,
+14704749832,Robocall,,,1,,
+16034503588,Robocall,,,1,,
+17862048700,Robocall,,,1,,
+17155456370,Robocall,,,1,,
+17344799095,Robocall,,,1,,
+17082519316,Robocall,,,1,,
+18774961715,Robocall,,,1,,
+15054058012,Robocall,,,1,,
+18665485525,Robocall,,,1,,
+18334403704,Robocall,,,1,,
+17602598450,Robocall,,,1,,
+18002752273,Robocall,,,1,,
+12818019154,Robocall,,,1,,
+18778798366,Robocall,,,1,,
+18212147646,Robocall,,,1,,
+12676499323,Robocall,,,1,,
+18888340346,Robocall,,,1,,
+18339422702,Robocall,,,1,,
+17085364869,Robocall,,,1,,
+18339670730,Robocall,,,1,,
+14099436934,Robocall,,,1,,
+18446043920,Robocall,,,1,,
+15024800616,Robocall,,,1,,
+18335753271,Robocall,,,1,,
+17088032962,Robocall,,,1,,
+18336563800,Robocall,,,1,,
+19713287394,Robocall,,,1,,
+12029150959,Robocall,,,1,,
+14097991696,Robocall,,,1,,
+18446040918,Robocall,,,1,,
+14315000760,Robocall,,,1,,
+12704941195,Robocall,,,1,,
+19493269891,Robocall,,,1,,
+16096977872,Robocall,,,1,,
+17086978312,Robocall,,,1,,
+13373043186,Robocall,,,1,,
+18773068290,Robocall,,,1,,
+15108382844,Robocall,,,1,,
+14844491407,Robocall,,,1,,
+18155000081,Robocall,,,1,,
+14092744586,Robocall,,,1,,
+17704101755,Robocall,,,1,,
+18663424344,Robocall,,,1,,
+17075909714,Robocall,,,1,,
+17085364810,Robocall,,,1,,
+19858709461,Robocall,,,1,,
+12812704003,Robocall,,,1,,
+12152675144,Robocall,,,1,,
+18105101720,Robocall,,,1,,
+16017454840,Robocall,,,1,,
+16466243524,Robocall,,,1,,
+17083505501,Robocall,,,1,,
+12484613600,Robocall,,,1,,
+13125284213,Robocall,,,1,,
+13852750841,Robocall,,,1,,
+18024554214,Robocall,,,1,,
+19257983302,Robocall,,,1,,
+18335413661,Robocall,,,1,,
+19252716342,Robocall,,,1,,
+19493684532,Robocall,,,1,,
+12816434630,Robocall,,,1,,
+16198265673,Robocall,,,1,,
+18335509254,Robocall,,,1,,
+18335413656,Robocall,,,1,,
+18155000307,Robocall,,,1,,
+18064972345,Robocall,,,1,,
+19472250311,Robocall,,,1,,
+15024536480,Robocall,,,1,,
+18457808816,Robocall,,,1,,
+16203015146,Robocall,,,1,,
+12018779182,Robocall,,,1,,
+18503577606,Robocall,,,1,,
+12818152795,Robocall,,,1,,
+15202054056,Robocall,,,1,,
+16072008656,Robocall,,,1,,
+19037374003,Robocall,,,1,,
+19014962132,Robocall,,,1,,
+18554845793,Robocall,,,1,,
+17025370938,Robocall,,,1,,
+16157694764,Robocall,,,1,,
+15074601897,Robocall,,,1,,
+17133704081,Robocall,,,1,,
+14806353061,Robocall,,,1,,
+16603002322,Robocall,,,1,,
+18063348624,Robocall,,,1,,
+18184012147,Robocall,,,1,,
+16625259042,Robocall,,,1,,
+18554942252,Robocall,,,1,,
+19803721259,Robocall,,,1,,
+17824554173,Robocall,,,1,,
+19254300375,Robocall,,,1,,
+12674199697,Robocall,,,1,,
+16193675269,Robocall,,,1,,
+15088049730,Robocall,,,1,,
+16602275887,Robocall,,,1,,
+14352899117,Robocall,,,1,,
+15023609956,Robocall,,,1,,
+15513605232,Robocall,,,1,,
+18334401578,Robocall,,,1,,
+17733731361,Robocall,,,1,,
+12816408478,Robocall,,,1,,
+18065582010,Robocall,,,1,,
+18338244661,Robocall,,,1,,
+19037686365,Robocall,,,1,,
+16604269722,Robocall,,,1,,
+12526444471,Robocall,,,1,,
+19493546717,Robocall,,,1,,
+18138238399,Robocall,,,1,,
+16609095871,Robocall,,,1,,
+18334273561,Robocall,,,1,,
+16603664790,Robocall,,,1,,
+12817256148,Robocall,,,1,,
+18329740158,Robocall,,,1,,
+16604773693,Robocall,,,1,,
+18325291849,Robocall,,,1,,
+19037821261,Robocall,,,1,,
+18398003396,Robocall,,,1,,
+12285005580,Robocall,,,1,,
+18446043778,Robocall,,,1,,
+14402028212,Robocall,,,1,,
+15108800418,Robocall,,,1,,
+16606500399,Robocall,,,1,,
+18334217590,Robocall,,,1,,
+18335481834,Robocall,,,1,,
+13802285468,Robocall,,,1,,
+16602792174,Robocall,,,1,,
+14315000836,Robocall,,,1,,
+16478720012,Robocall,,,1,,
+18322270718,Robocall,,,1,,
+16603345247,Robocall,,,1,,
+19012014452,Robocall,,,1,,
+18329740051,Robocall,,,1,,
+19039940170,Robocall,,,1,,
+18777103489,Robocall,,,1,,
+14194069180,Robocall,,,1,,
+14032818356,Robocall,,,1,,
+16603450589,Robocall,,,1,,
+13034600170,Robocall,,,1,,
+13854658929,Robocall,,,1,,
+18558022075,Robocall,,,1,,
+15487620731,Robocall,,,1,,
+19033851681,Robocall,,,1,,
+17249810434,Robocall,,,1,,
+18446043863,Robocall,,,1,,
+19037342568,Robocall,,,1,,
+14342569512,Robocall,,,1,,
+18084750984,Robocall,,,1,,
+19014178729,Robocall,,,1,,
+16099938468,Robocall,,,1,,
+16608594097,Robocall,,,1,,
+18327399058,Robocall,,,1,,
+19072649510,Robocall,,,1,,
+15703683920,Robocall,,,1,,
+15026603319,Robocall,,,1,,
+14403401897,Robocall,,,1,,
+18554941050,Robocall,,,1,,
+14057311293,Robocall,,,1,,
+16602859806,Robocall,,,1,,
+18328622390,Robocall,,,1,,
+18702428605,Robocall,,,1,,
+14198539905,Robocall,,,1,,
+16049064684,Robocall,,,1,,
+12086888965,Robocall,,,1,,
+16602790644,Robocall,,,1,,
+14472071192,Robocall,,,1,,
+18773921632,Robocall,,,1,,
+14075956243,Robocall,,,1,,
+18889194834,Robocall,,,1,,
+19035414151,Robocall,,,1,,
+17139309499,Robocall,,,1,,
+14235777316,Robocall,,,1,,
+19129801218,Robocall,,,1,,
+14197243614,Robocall,,,1,,
+12676413646,Robocall,,,1,,
+15074874851,Robocall,,,1,,
+18326236178,Robocall,,,1,,
+18708006993,Robocall,,,1,,
+14055638479,Robocall,,,1,,
+16807899606,Robocall,,,1,,
+19377911165,Robocall,,,1,,
+17707217013,Robocall,,,1,,
+18447102958,Robocall,,,1,,
+19722712678,Robocall,,,1,,
+14195939453,Robocall,,,1,,
+12014091431,Robocall,,,1,,
+13343599757,Robocall,,,1,,
+14059064918,Robocall,,,1,,
+19497996185,Robocall,,,1,,
+16026543115,Robocall,,,1,,
+18328623637,Robocall,,,1,,
+14194519837,Robocall,,,1,,
+14176000761,Robocall,,,1,,
+19014741459,Robocall,,,1,,
+18447920810,Robocall,,,1,,
+19567272402,Robocall,,,1,,
+16812777083,Robocall,,,1,,
+13348474300,Robocall,,,1,,
+14194308964,Robocall,,,1,,
+12608565665,Robocall,,,1,,
+15208125488,Robocall,,,1,,
+12245418148,Robocall,,,1,,
+18329451271,Robocall,,,1,,
+19714172843,Robocall,,,1,,
+14245120387,Robocall,,,1,,
+12024385559,Robocall,,,1,,
+13019954825,Robocall,,,1,,
+14197243625,Robocall,,,1,,
+19013061342,Robocall,,,1,,
+12255253474,Robocall,,,1,,
+19379143446,Robocall,,,1,,
+18882888407,Robocall,,,1,,
+18564024723,Robocall,,,1,,
+14404537584,Robocall,,,1,,
+18322954819,Robocall,,,1,,
+14198539828,Robocall,,,1,,
+12156741087,Robocall,,,1,,
+18135961232,Robocall,,,1,,
+17402555058,Robocall,,,1,,
+12013407702,Robocall,,,1,,
+18447642492,Robocall,,,1,,
+18557862893,Robocall,,,1,,
+14087581965,Robocall,,,1,,
+13109218442,Robocall,,,1,,
+19016215540,Robocall,,,1,,
+14509182708,Robocall,,,1,,
+16267766957,Robocall,,,1,,
+18139122031,Robocall,,,1,,
+18736573222,Robocall,,,1,,
+12128789336,Robocall,,,1,,
+18334402500,Robocall,,,1,,
+18324787084,Robocall,,,1,,
+19188553645,Robocall,,,1,,
+14197243604,Robocall,,,1,,
+15015592443,Robocall,,,1,,
+14708462289,Robocall,,,1,,
+18776121140,Robocall,,,1,,
+13172037478,Robocall,,,1,,
+12023160110,Robocall,,,1,,
+15129201233,Robocall,,,1,,
+14076023189,Robocall,,,1,,
+14844671139,Robocall,,,1,,
+14195939442,Robocall,,,1,,
+14693060563,Robocall,,,1,,
+17249207098,Robocall,,,1,,
+18037708184,Robocall,,,1,,
+18337900777,Robocall,,,1,,
+19497576004,Robocall,,,1,,
+18668474126,Robocall,,,1,,
+14194519868,Robocall,,,1,,
+13346665502,Robocall,,,1,,
+16195971387,Robocall,,,1,,
+17657555768,Robocall,,,1,,
+18335582340,Robocall,,,1,,
+15707553636,Robocall,,,1,,
+17323485650,Robocall,,,1,,
+19156506358,Robocall,,,1,,
+19893081965,Robocall,,,1,,
+14197240177,Robocall,,,1,,
+16193699219,Robocall,,,1,,
+15595689230,Robocall,,,1,,
+13032581250,Robocall,,,1,,
+13107587292,Robocall,,,1,,
+17652469356,Robocall,,,1,,
+14193968851,Robocall,,,1,,
+18669515783,Robocall,,,1,,
+19292766174,Robocall,,,1,,
+14409839494,Robocall,,,1,,
+19432742757,Robocall,,,1,,
+12099209488,Robocall,,,1,,
+18607435255,Robocall,,,1,,
+19144294629,Robocall,,,1,,
+18446043507,Robocall,,,1,,
+19379752490,Robocall,,,1,,
+18135872746,Robocall,,,1,,
+18722530167,Robocall,,,1,,
+14198539839,Robocall,,,1,,
+17276582729,Robocall,,,1,,
+14632345208,Robocall,,,1,,
+19107079803,Robocall,,,1,,
+17602597472,Robocall,,,1,,
+17273503439,Robocall,,,1,,
+14194650434,Robocall,,,1,,
+15097021098,Robocall,,,1,,
+12542563989,Robocall,,,1,,
+17655178344,Robocall,,,1,,
+18137065259,Robocall,,,1,,
+14016817204,Robocall,,,1,,
+15097021578,Robocall,,,1,,
+17744790428,Robocall,,,1,,
+14066722474,Robocall,,,1,,
+14159521567,Robocall,,,1,,
+18009742534,Robocall,,,1,,
+14232165818,Robocall,,,1,,
+14152429095,Robocall,,,1,,
+17703783328,Robocall,,,1,,
+12065895875,Robocall,,,1,,
+14157256642,Robocall,,,1,,
+18332162733,Robocall,,,1,,
+18558055486,Robocall,,,1,,
+15642033106,Robocall,,,1,,
+14423051097,Robocall,,,1,,
+13603398457,Robocall,,,1,,
+17199927627,Robocall,,,1,,
+16263475839,Robocall,,,1,,
+18339878096,Robocall,,,1,,
+16302289659,Robocall,,,1,,
+14239394875,Robocall,,,1,,
+19497526004,Robocall,,,1,,
+19346478112,Robocall,,,1,,
+13166090623,Robocall,,,1,,
+18569429327,Robocall,,,1,,
+15097021086,Robocall,,,1,,
+18888087176,Robocall,,,1,,
+18337331541,Robocall,,,1,,
+13165424661,Robocall,,,1,,
+19516002865,Robocall,,,1,,
+17602787699,Robocall,,,1,,
+13142382552,Robocall,,,1,,
+15097021446,Robocall,,,1,,
+18555760426,Robocall,,,1,,
+16019549838,Robocall,,,1,,
+13162905153,Robocall,,,1,,
+17206740853,Robocall,,,1,,
+17147901088,Robocall,,,1,,
+14706719514,Robocall,,,1,,
+15132122672,Robocall,,,1,,
+19497998812,Robocall,,,1,,
+12623437167,Robocall,,,1,,
+17088643836,Robocall,,,1,,
+13023870299,Robocall,,,1,,
+18305327804,Robocall,,,1,,
+17179228804,Robocall,,,1,,
+18447920896,Robocall,,,1,,
+14348447446,Robocall,,,1,,
+17209703358,Robocall,,,1,,
+15206597641,Robocall,,,1,,
+12547201184,Robocall,,,1,,
+18663141797,Robocall,,,1,,
+18887570922,Robocall,,,1,,
+19017638612,Robocall,,,1,,
+17043127264,Robocall,,,1,,
+14014897821,Robocall,,,1,,
+17199369899,Robocall,,,1,,
+19729842745,Robocall,,,1,,
+14315000903,Robocall,,,1,,
+16028944130,Robocall,,,1,,
+18635769257,Robocall,,,1,,
+13862733695,Robocall,,,1,,
+14094606229,Robocall,,,1,,
+14422661645,Robocall,,,1,,
+18065910707,Robocall,,,1,,
+18778181666,Robocall,,,1,,
+17208204413,Robocall,,,1,,
+14844940260,Robocall,,,1,,
+14702939705,Robocall,,,1,,
+18666947459,Robocall,,,1,,
+16262317985,Robocall,,,1,,
+15089703362,Robocall,,,1,,
+12708886937,Robocall,,,1,,
+18334273146,Robocall,,,1,,
+13828970067,Robocall,,,1,,
+12156087373,Robocall,,,1,,
+16202619909,Robocall,,,1,,
+17067857720,Robocall,,,1,,
+18506009323,Robocall,,,1,,
+18556554548,Robocall,,,1,,
+17323592525,Robocall,,,1,,
+19512090796,Robocall,,,1,,
+18068399659,Robocall,,,1,,
+16572515744,Robocall,,,1,,
+17274631434,Robocall,,,1,,
+19493688793,Robocall,,,1,,
+17156920130,Robocall,,,1,,
+14752639865,Robocall,,,1,,
+15487620502,Robocall,,,1,,
+18506665390,Robocall,,,1,,
+17069172014,Robocall,,,1,,
+16208001764,Robocall,,,1,,
+15154474449,Robocall,,,1,,
+17153331038,Robocall,,,1,,
+15618997627,Robocall,,,1,,
+12815056166,Robocall,,,1,,
+13146364188,Robocall,,,1,,
+12364556466,Robocall,,,1,,
+16418021127,Robocall,,,1,,
+14013948645,Robocall,,,1,,
+16156199631,Robocall,,,1,,
+12175952131,Robocall,,,1,,
+19207064120,Robocall,,,1,,
+17069273033,Robocall,,,1,,
+14352969988,Robocall,,,1,,
+17543505544,Robocall,,,1,,
+15599429410,Robocall,,,1,,
+17652058224,Robocall,,,1,,
+16025973944,Robocall,,,1,,
+19498054230,Robocall,,,1,,
+14357772370,Robocall,,,1,,
+12052027164,Robocall,,,1,,
+17652221742,Robocall,,,1,,
+13376165841,Robocall,,,1,,
+14352680767,Robocall,,,1,,
+12282892348,Robocall,,,1,,
+14058655945,Robocall,,,1,,
+13239913298,Robocall,,,1,,
+18473200402,Robocall,,,1,,
+19832218164,Robocall,,,1,,
+18668351944,Robocall,,,1,,
+18887106818,Robocall,,,1,,
+18016144887,Robocall,,,1,,
+14052470210,Robocall,,,1,,
+18002357955,Robocall,,,1,,
+17348845923,Robocall,,,1,,
+19414512597,Robocall,,,1,,
+18884620057,Robocall,,,1,,
+17577023462,Robocall,,,1,,
+14054168623,Robocall,,,1,,
+18639498208,Robocall,,,1,,
+13866010431,Robocall,,,1,,
+12062387042,Robocall,,,1,,
+14053566270,Robocall,,,1,,
+13239179959,Robocall,,,1,,
+16057417675,Robocall,,,1,,
+19365850034,Robocall,,,1,,
+18885210268,Robocall,,,1,,
+18156808331,Robocall,,,1,,
+18332102049,Robocall,,,1,,
+15066992319,Robocall,,,1,,
+16057417658,Robocall,,,1,,
+14056967108,Robocall,,,1,,
+17873899471,Robocall,,,1,,
+18554697708,Robocall,,,1,,
+14018890322,Robocall,,,1,,
+16057052865,Robocall,,,1,,
+14054338235,Robocall,,,1,,
+18157886528,Robocall,,,1,,
+13367328280,Robocall,,,1,,
+16054603159,Robocall,,,1,,
+18888192135,Robocall,,,1,,
+14059537521,Robocall,,,1,,
+18332951227,Robocall,,,1,,
+14342254953,Robocall,,,1,,
+14055169672,Robocall,,,1,,
+18723855556,Robocall,,,1,,
+14048978915,Robocall,,,1,,
+14194650293,Robocall,,,1,,
+16183660663,Robocall,,,1,,
+14058494605,Robocall,,,1,,
+14242096202,Robocall,,,1,,
+18774701676,Robocall,,,1,,
+14187852963,Robocall,,,1,,
+17312016300,Robocall,,,1,,
+18336853313,Robocall,,,1,,
+17705252606,Robocall,,,1,,
+12676840565,Robocall,,,1,,
+18556702757,Robocall,,,1,,
+17042131707,Robocall,,,1,,
+19035022856,Robocall,,,1,,
+18336232073,Robocall,,,1,,
+18287150283,Robocall,,,1,,
+19183471175,Robocall,,,1,,
+14156858180,Robocall,,,1,,
+18567169261,Robocall,,,1,,
+13062226275,Robocall,,,1,,
+14058677522,Robocall,,,1,,
+16893060160,Robocall,,,1,,
+12243370206,Robocall,,,1,,
+15627657960,Robocall,,,1,,
+17705599219,Robocall,,,1,,
+18003057947,Robocall,,,1,,
+14053628709,Robocall,,,1,,
+18058693807,Robocall,,,1,,
+13016915466,Robocall,,,1,,
+18068365306,Robocall,,,1,,
+18169954949,Robocall,,,1,,
+19283988652,Robocall,,,1,,
+14056484534,Robocall,,,1,,
+14066061407,Robocall,,,1,,
+14074389438,Robocall,,,1,,
+18887570923,Robocall,,,1,,
+18334351818,Robocall,,,1,,
+14058079857,Robocall,,,1,,
+12202771771,Robocall,,,1,,
+18707812042,Robocall,,,1,,
+12027353492,Robocall,,,1,,
+13157162421,Robocall,,,1,,
+18079382939,Robocall,,,1,,
+17708301590,Robocall,,,1,,
+14054893547,Robocall,,,1,,
+16093230732,Robocall,,,1,,
+18555692820,Robocall,,,1,,
+12692809125,Robocall,,,1,,
+19209900237,Robocall,,,1,,
+13477832748,Robocall,,,1,,
+19454021035,Robocall,,,1,,
+14189222584,Robocall,,,1,,
+14053673121,Robocall,,,1,,
+15024694093,Robocall,,,1,,
+15416001427,Robocall,,,1,,
+16075241067,Robocall,,,1,,
+19414991821,Robocall,,,1,,
+18702881587,Robocall,,,1,,
+18334271106,Robocall,,,1,,
+18667651242,Robocall,,,1,,
+16023429241,Robocall,,,1,,
+13074497205,Robocall,,,1,,
+12602662110,Robocall,,,1,,
+19563412044,Robocall,,,1,,
+14055041587,Robocall,,,1,,
+14126732565,Robocall,,,1,,
+17075172931,Robocall,,,1,,
+17343619068,Robocall,,,1,,
+18665502179,Robocall,,,1,,
+19707843812,Robocall,,,1,,
+14052992921,Robocall,,,1,,
+16126655809,Robocall,,,1,,
+18337373948,Robocall,,,1,,
+18703393151,Robocall,,,1,,
+15598959068,Robocall,,,1,,
+18002903072,Robocall,,,1,,
+18886441944,Robocall,,,1,,
+18889046796,Robocall,,,1,,
+18772953505,Robocall,,,1,,
+14387030642,Robocall,,,1,,
+18635093264,Robocall,,,1,,
+14056487256,Robocall,,,1,,
+15597429561,Robocall,,,1,,
+18668522969,Robocall,,,1,,
+19123168041,Robocall,,,1,,
+14842147976,Robocall,,,1,,
+14045841120,Robocall,,,1,,
+16075241617,Robocall,,,1,,
+18633368070,Robocall,,,1,,
+18886441945,Robocall,,,1,,
+12296092698,Robocall,,,1,,
+12038263714,Robocall,,,1,,
+18332914745,Robocall,,,1,,
+19149989357,Robocall,,,1,,
+13377172430,Robocall,,,1,,
+18706317926,Robocall,,,1,,
+13463741854,Robocall,,,1,,
+17706260483,Robocall,,,1,,
+14802356944,Robocall,,,1,,
+18335481753,Robocall,,,1,,
+19493326648,Robocall,,,1,,
+19524634287,Robocall,,,1,,
+19179638796,Robocall,,,1,,
+18338251272,Robocall,,,1,,
+14052529301,Robocall,,,1,,
+18136650720,Robocall,,,1,,
+14054584998,Robocall,,,1,,
+12515312091,Robocall,,,1,,
+18555760569,Robocall,,,1,,
+14059063480,Robocall,,,1,,
+17209014623,Robocall,,,1,,
+12193577398,Robocall,,,1,,
+12165452155,Robocall,,,1,,
+19093930336,Robocall,,,1,,
+18705202351,Robocall,,,1,,
+17702548004,Robocall,,,1,,
+18777820124,Robocall,,,1,,
+12193582901,Robocall,,,1,,
+12193579799,Robocall,,,1,,
+16188827780,Robocall,,,1,,
+16509926136,Robocall,,,1,,
+17573810326,Robocall,,,1,,
+13864576786,Robocall,,,1,,
+18447641415,Robocall,,,1,,
+18704971328,Robocall,,,1,,
+19496362470,Robocall,,,1,,
+16128256703,Robocall,,,1,,
+14387030671,Robocall,,,1,,
+19845108501,Robocall,,,1,,
+16509604752,Robocall,,,1,,
+13524159487,Robocall,,,1,,
+17706188432,Robocall,,,1,,
+13604695697,Robocall,,,1,,
+16618372647,Robocall,,,1,,
+17607339715,Robocall,,,1,,
+15102936489,Robocall,,,1,,
+17053269320,Robocall,,,1,,
+13527659248,Robocall,,,1,,
+19072738445,Robocall,,,1,,
+18508440184,Robocall,,,1,,
+19432740633,Robocall,,,1,,
+18663424503,Robocall,,,1,,
+18156650751,Robocall,,,1,,
+19513929688,Robocall,,,1,,
+15754001986,Robocall,,,1,,
+13215298828,Robocall,,,1,,
+17708742904,Robocall,,,1,,
+18135134861,Robocall,,,1,,
+19719791596,Robocall,,,1,,
+18103666716,Robocall,,,1,,
+16619469434,Robocall,,,1,,
+18706977811,Robocall,,,1,,
+18668646144,Robocall,,,1,,
+18382549570,Robocall,,,1,,
+14184531443,Robocall,,,1,,
+19793183627,Robocall,,,1,,
+15512795274,Robocall,,,1,,
+19454550366,Robocall,,,1,,
+16894003103,Robocall,,,1,,
+16199343156,Robocall,,,1,,
+15738618719,Robocall,,,1,,
+17743778668,Robocall,,,1,,
+14032144679,Robocall,,,1,,
+12677836494,Robocall,,,1,,
+17814210567,Robocall,,,1,,
+14033809837,Robocall,,,1,,
+13526935415,Robocall,,,1,,
+15627657858,Robocall,,,1,,
+16089253650,Robocall,,,1,,
+18706979871,Robocall,,,1,,
+12709713424,Robocall,,,1,,
+14434743545,Robocall,,,1,,
+15206663533,Robocall,,,1,,
+18775341303,Robocall,,,1,,
+13193085910,Robocall,,,1,,
+12107710686,Robocall,,,1,,
+19059930363,Robocall,,,1,,
+18706666292,Robocall,,,1,,
+12182094679,Robocall,,,1,,
+18632905219,Robocall,,,1,,
+16622374741,Robocall,,,1,,
+18775341415,Robocall,,,1,,
+18187971509,Robocall,,,1,,
+19497927440,Robocall,,,1,,
+18665402648,Robocall,,,1,,
+18674936177,Robocall,,,1,,
+16576265482,Robocall,,,1,,
+16727015036,Robocall,,,1,,
+13192197239,Robocall,,,1,,
+12184200180,Robocall,,,1,,
+18489949989,Robocall,,,1,,
+16165143580,Robocall,,,1,,
+12103793331,Robocall,,,1,,
+18777320316,Robocall,,,1,,
+16463479915,Robocall,,,1,,
+14108409465,Robocall,,,1,,
+18883480112,Robocall,,,1,,
+18319996525,Robocall,,,1,,
+18337702481,Robocall,,,1,,
+13532224578,Robocall,,,1,,
+12185240107,Robocall,,,1,,
+13193404250,Robocall,,,1,,
+17602624500,Robocall,,,1,,
+14104243185,Robocall,,,1,,
+12107108037,Robocall,,,1,,
+12566757151,Robocall,,,1,,
+17074799463,Robocall,,,1,,
+14036561674,Robocall,,,1,,
+14403588993,Robocall,,,1,,
+18038871318,Robocall,,,1,,
+12183994795,Robocall,,,1,,
+16107499174,Robocall,,,1,,
+14083722953,Robocall,,,1,,
+18557393053,Robocall,,,1,,
+16107952462,Robocall,,,1,,
+15124369510,Robocall,,,1,,
+16085544654,Robocall,,,1,,
+18557115179,Robocall,,,1,,
+12185992916,Robocall,,,1,,
+19497927667,Robocall,,,1,,
+18662806201,Robocall,,,1,,
+19512929312,Robocall,,,1,,
+19498056230,Robocall,,,1,,
+14434126555,Robocall,,,1,,
+19093739356,Robocall,,,1,,
+14325054460,Robocall,,,1,,
+16787266070,Robocall,,,1,,
+14038517763,Robocall,,,1,,
+12183959277,Robocall,,,1,,
+12063396654,Robocall,,,1,,
+12709444744,Robocall,,,1,,
+15718322102,Robocall,,,1,,
+14434643737,Robocall,,,1,,
+19592434409,Robocall,,,1,,
+12086689785,Robocall,,,1,,
+19158998349,Robocall,,,1,,
+14753875374,Robocall,,,1,,
+15033283103,Robocall,,,1,,
+19107829126,Robocall,,,1,,
+15743712472,Robocall,,,1,,
+19053138496,Robocall,,,1,,
+18633876861,Robocall,,,1,,
+18889652457,Robocall,,,1,,
+18666723286,Robocall,,,1,,
+14244803223,Robocall,,,1,,
+14694474867,Robocall,,,1,,
+19513036312,Robocall,,,1,,
+16815570056,Robocall,,,1,,
+18328364618,Robocall,,,1,,
+19498055030,Robocall,,,1,,
+16134785546,Robocall,,,1,,
+13194078971,Robocall,,,1,,
+12242065646,Robocall,,,1,,
+18334645577,Robocall,,,1,,
+16085944141,Robocall,,,1,,
+16155135317,Robocall,,,1,,
+18665207780,Robocall,,,1,,
+16392073197,Robocall,,,1,,
+15025643070,Robocall,,,1,,
+18722555119,Robocall,,,1,,
+13033157387,Robocall,,,1,,
+17348201411,Robocall,,,1,,
+18638804953,Robocall,,,1,,
+18663882189,Robocall,,,1,,
+16572258109,Robocall,,,1,,
+18552217814,Robocall,,,1,,
+19098535167,Robocall,,,1,,
+14026214589,Robocall,,,1,,
+16824680794,Robocall,,,1,,
+12628247381,Robocall,,,1,,
+15024694089,Robocall,,,1,,
+18633347775,Robocall,,,1,,
+17056783787,Robocall,,,1,,
+18593689169,Robocall,,,1,,
+14029615663,Robocall,,,1,,
+15703821151,Robocall,,,1,,
+18772280318,Robocall,,,1,,
+18723394794,Robocall,,,1,,
+18559574912,Robocall,,,1,,
+18593092841,Robocall,,,1,,
+15709647340,Robocall,,,1,,
+13463019951,Robocall,,,1,,
+16572228471,Robocall,,,1,,
+16787329313,Robocall,,,1,,
+15026940121,Robocall,,,1,,
+18186589866,Robocall,,,1,,
+15798990280,Robocall,,,1,,
+18733879897,Robocall,,,1,,
+15168460207,Robocall,,,1,,
+14196437080,Robocall,,,1,,
+18704423457,Robocall,,,1,,
+18332251623,Robocall,,,1,,
+18594159257,Robocall,,,1,,
+12195990397,Robocall,,,1,,
+14194521469,Robocall,,,1,,
+17015109034,Robocall,,,1,,
+18594728515,Robocall,,,1,,
+19493304482,Robocall,,,1,,
+18553902463,Robocall,,,1,,
+15512940175,Robocall,,,1,,
+13109078271,Robocall,,,1,,
+19517621866,Robocall,,,1,,
+18552089233,Robocall,,,1,,
+12024699288,Robocall,,,1,,
+17407525008,Robocall,,,1,,
+18133054853,Robocall,,,1,,
+13462611960,Robocall,,,1,,
+18334664518,Robocall,,,1,,
+16036980943,Robocall,,,1,,
+15752930536,Robocall,,,1,,
+12348156232,Robocall,,,1,,
+14244924813,Robocall,,,1,,
+19147868433,Robocall,,,1,,
+18664089956,Robocall,,,1,,
+12562128411,Robocall,,,1,,
+19785992694,Robocall,,,1,,
+15855363795,Robocall,,,1,,
+16197819630,Robocall,,,1,,
+17146531323,Robocall,,,1,,
+16077151101,Robocall,,,1,,
+13107475638,Robocall,,,1,,
+18888955705,Robocall,,,1,,
+16146255789,Robocall,,,1,,
+15089050272,Robocall,,,1,,
+12015018780,Robocall,,,1,,
+18888464041,Robocall,,,1,,
+15627322794,Robocall,,,1,,
+18665816077,Robocall,,,1,,
+18585299232,Robocall,,,1,,
+18664782939,Robocall,,,1,,
+14405348327,Robocall,,,1,,
+17146605462,Robocall,,,1,,
+18332105082,Robocall,,,1,,
+15066992267,Robocall,,,1,,
+13107584270,Robocall,,,1,,
+16267454981,Robocall,,,1,,
+19107867511,Robocall,,,1,,
+13189868328,Robocall,,,1,,
+16185231765,Robocall,,,1,,
+18265299307,Robocall,,,1,,
+18888445715,Robocall,,,1,,
+14694310530,Robocall,,,1,,
+12899771203,Robocall,,,1,,
+12704536208,Robocall,,,1,,
+15163157152,Robocall,,,1,,
+13109078527,Robocall,,,1,,
+19493842957,Robocall,,,1,,
+18773341351,Robocall,,,1,,
+14243207779,Robocall,,,1,,
+18609579558,Robocall,,,1,,
+19413891267,Robocall,,,1,,
+18774700365,Robocall,,,1,,
+18663654950,Robocall,,,1,,
+17712717991,Robocall,,,1,,
+14582988483,Robocall,,,1,,
+16612007082,Robocall,,,1,,
+16139168124,Robocall,,,1,,
+17783730682,Robocall,,,1,,
+12104478629,Robocall,,,1,,
+19092537170,Robocall,,,1,,
+16156339351,Robocall,,,1,,
+19493684721,Robocall,,,1,,
+18175295551,Robocall,,,1,,
+15184075066,Robocall,,,1,,
+12205293624,Robocall,,,1,,
+19098587069,Robocall,,,1,,
+19564483684,Robocall,,,1,,
+18175125850,Robocall,,,1,,
+12506743445,Robocall,,,1,,
+19794684708,Robocall,,,1,,
+16576083172,Robocall,,,1,,
+18557135601,Robocall,,,1,,
+18333778391,Robocall,,,1,,
+18138512418,Robocall,,,1,,
+18447241912,Robocall,,,1,,
+15066992365,Robocall,,,1,,
+18663880166,Robocall,,,1,,
+12534230960,Robocall,,,1,,
+17864663469,Robocall,,,1,,
+16782085476,Robocall,,,1,,
+13342316165,Robocall,,,1,,
+14232642345,Robocall,,,1,,
+18135596439,Robocall,,,1,,
+15026610197,Robocall,,,1,,
+17865307779,Robocall,,,1,,
+16024391280,Robocall,,,1,,
+17312516850,Robocall,,,1,,
+18338187414,Robocall,,,1,,
+18338188692,Robocall,,,1,,
+19404899359,Robocall,,,1,,
+19513465242,Robocall,,,1,,
+18667117588,Robocall,,,1,,
+12407159471,Robocall,,,1,,
+15487620699,Robocall,,,1,,
+18668817582,Robocall,,,1,,
+19317298752,Robocall,,,1,,
+13474704341,Robocall,,,1,,
+17759099098,Robocall,,,1,,
+12125615117,Robocall,,,1,,
+13143841743,Robocall,,,1,,
+18775341229,Robocall,,,1,,
+12538489443,Robocall,,,1,,
+12022949865,Robocall,,,1,,
+17626851998,Robocall,,,1,,
+16315579666,Robocall,,,1,,
+16507587359,Robocall,,,1,,
+18335315591,Robocall,,,1,,
+14016666387,Robocall,,,1,,
+17829740265,Robocall,,,1,,
+14144373934,Robocall,,,1,,
+13122881091,Robocall,,,1,,
+15182527386,Robocall,,,1,,
+19862756172,Robocall,,,1,,
+14092227133,Robocall,,,1,,
+12095688571,Robocall,,,1,,
+17609067628,Robocall,,,1,,
+18574027771,Robocall,,,1,,
+17759092024,Robocall,,,1,,
+14809082828,Robocall,,,1,,
+12892739462,Robocall,,,1,,
+12232016499,Robocall,,,1,,
+19033851560,Robocall,,,1,,
+17178009006,Robocall,,,1,,
+14253249095,Robocall,,,1,,
+16155760226,Robocall,,,1,,
+13234035864,Robocall,,,1,,
+16412475817,Robocall,,,1,,
+12533519200,Robocall,,,1,,
+14804809071,Robocall,,,1,,
+16614649299,Robocall,,,1,,
+18392716584,Robocall,,,1,,
+16074449615,Robocall,,,1,,
+19162430107,Robocall,,,1,,
+15137508733,Robocall,,,1,,
+13084084057,Robocall,,,1,,
+17178009012,Robocall,,,1,,
+13163949703,Robocall,,,1,,
+16363486815,Robocall,,,1,,
+18449416469,Robocall,,,1,,
+14804633210,Robocall,,,1,,
+19176151233,Robocall,,,1,,
+15019420595,Robocall,,,1,,
+15313000133,Robocall,,,1,,
+18775813674,Robocall,,,1,,
+12022549301,Robocall,,,1,,
+14803210415,Robocall,,,1,,
+14325845250,Robocall,,,1,,
+18336399532,Robocall,,,1,,
+13023061650,Robocall,,,1,,
+16419032430,Robocall,,,1,,
+17472921948,Robocall,,,1,,
+19049200521,Robocall,,,1,,
+18262178762,Robocall,,,1,,
+15168621923,Robocall,,,1,,
+15713852686,Robocall,,,1,,
+18889046340,Robocall,,,1,,
+16576083699,Robocall,,,1,,
+13143844603,Robocall,,,1,,
+18552346893,Robocall,,,1,,
+12527157475,Robocall,,,1,,
+14804782780,Robocall,,,1,,
+19298298221,Robocall,,,1,,
+19044677502,Robocall,,,1,,
+18509890127,Robocall,,,1,,
+18556961147,Robocall,,,1,,
+16412475830,Robocall,,,1,,
+16282010224,Robocall,,,1,,
+14245691668,Robocall,,,1,,
+17028031022,Robocall,,,1,,
+14809082570,Robocall,,,1,,
+18282295251,Robocall,,,1,,
+12246495638,Robocall,,,1,,
+19432868410,Robocall,,,1,,
+16474937367,Robocall,,,1,,
+14056837699,Robocall,,,1,,
+14197319037,Robocall,,,1,,
+15755544777,Robocall,,,1,,
+12692221758,Robocall,,,1,,
+14027916193,Robocall,,,1,,
+15028629685,Robocall,,,1,,
+15174689313,Robocall,,,1,,
+18557934826,Robocall,,,1,,
+14069055403,Robocall,,,1,,
+18337025033,Robocall,,,1,,
+12399841904,Robocall,,,1,,
+14807699158,Robocall,,,1,,
+16576265682,Robocall,,,1,,
+13062078149,Robocall,,,1,,
+16265963574,Robocall,,,1,,
+16023431330,Robocall,,,1,,
+16403332058,Robocall,,,1,,
+14026616497,Robocall,,,1,,
+18339069995,Robocall,,,1,,
+17472210574,Robocall,,,1,,
+18775341182,Robocall,,,1,,
+14803605553,Robocall,,,1,,
+18574029757,Robocall,,,1,,
+15854234124,Robocall,,,1,,
+19052750042,Robocall,,,1,,
+19896658305,Robocall,,,1,,
+16202930990,Robocall,,,1,,
+19256352718,Robocall,,,1,,
+18042278220,Robocall,,,1,,
+17018017093,Robocall,,,1,,
+18509188942,Robocall,,,1,,
+18555760329,Robocall,,,1,,
+12192440902,Robocall,,,1,,
+16576083021,Robocall,,,1,,
+14806089986,Robocall,,,1,,
+18579976810,Robocall,,,1,,
+18447671049,Robocall,,,1,,
+14422581030,Robocall,,,1,,
+13143841816,Robocall,,,1,,
+15512125338,Robocall,,,1,,
+15205250897,Robocall,,,1,,
+13142714655,Robocall,,,1,,
+19789905752,Robocall,,,1,,
+15614441863,Robocall,,,1,,
+16232699070,Robocall,,,1,,
+16232513253,Robocall,,,1,,
+16576265771,Robocall,,,1,,
+18555692320,Robocall,,,1,,
+14803597268,Robocall,,,1,,
+14698172096,Robocall,,,1,,
+18663423882,Robocall,,,1,,
+14804622152,Robocall,,,1,,
+19845945393,Robocall,,,1,,
+15195918282,Robocall,,,1,,
+13138572150,Robocall,,,1,,
+18028089678,Robocall,,,1,,
+13152079076,Robocall,,,1,,
+14144370652,Robocall,,,1,,
+16233200379,Robocall,,,1,,
+16159378078,Robocall,,,1,,
+16572229066,Robocall,,,1,,
+15028616962,Robocall,,,1,,
+19095751454,Robocall,,,1,,
+17727839155,Robocall,,,1,,
+16159143767,Robocall,,,1,,
+18103710353,Robocall,,,1,,
+19133569653,Robocall,,,1,,
+12086810909,Robocall,,,1,,
+15028621542,Robocall,,,1,,
+19288006216,Robocall,,,1,,
+13302885116,Robocall,,,1,,
+17243649494,Robocall,,,1,,
+16152121934,Robocall,,,1,,
+12209003644,Robocall,,,1,,
+19419449493,Robocall,,,1,,
+13375644761,Robocall,,,1,,
+18335102730,Robocall,,,1,,
+19135493619,Robocall,,,1,,
+14432276347,Robocall,,,1,,
+18623216962,Robocall,,,1,,
+14156858749,Robocall,,,1,,
+19132322265,Robocall,,,1,,
+14694643157,Robocall,,,1,,
+17148607030,Robocall,,,1,,
+18666901152,Robocall,,,1,,
+12084956176,Robocall,,,1,,
+18564540703,Robocall,,,1,,
+17712447513,Robocall,,,1,,
+17817828970,Robocall,,,1,,
+15513177551,Robocall,,,1,,
+16478631124,Robocall,,,1,,
+16292575102,Robocall,,,1,,
+15706933261,Robocall,,,1,,
+18334596933,Robocall,,,1,,
+19099253536,Robocall,,,1,,
+17712447520,Robocall,,,1,,
+16265963501,Robocall,,,1,,
+19137749831,Robocall,,,1,,
+18563225200,Robocall,,,1,,
+18553162954,Robocall,,,1,,
+19434736998,Robocall,,,1,,
+14256160158,Robocall,,,1,,
+18335481535,Robocall,,,1,,
+15308065086,Robocall,,,1,,
+12526927834,Robocall,,,1,,
+19165007078,Robocall,,,1,,
+18557114050,Robocall,,,1,,
+19253576954,Robocall,,,1,,
+15613200064,Robocall,,,1,,
+16204987905,Robocall,,,1,,
+19256917981,Robocall,,,1,,
+17077855807,Robocall,,,1,,
+12132851976,Robocall,,,1,,
+13256716089,Robocall,,,1,,
+12162984561,Robocall,,,1,,
+19419911629,Robocall,,,1,,
+19132277618,Robocall,,,1,,
+19856404386,Robocall,,,1,,
+15103198359,Robocall,,,1,,
+17403470313,Robocall,,,1,,
+14092329892,Robocall,,,1,,
+14312300269,Robocall,,,1,,
+13257012016,Robocall,,,1,,
+18146108437,Robocall,,,1,,
+19257991698,Robocall,,,1,,
+14698706243,Robocall,,,1,,
+18049519334,Robocall,,,1,,
+17072320863,Robocall,,,1,,
+12264616315,Robocall,,,1,,
+19257554670,Robocall,,,1,,
+19082979158,Robocall,,,1,,
+18056734193,Robocall,,,1,,
+15629553411,Robocall,,,1,,
+16026966937,Robocall,,,1,,
+18888330855,Robocall,,,1,,
+18333337508,Robocall,,,1,,
+15188714997,Robocall,,,1,,
+18664410902,Robocall,,,1,,
+18553308653,Robocall,,,1,,
+18606591824,Robocall,,,1,,
+17078199960,Robocall,,,1,,
+19282338985,Robocall,,,1,,
+19832218117,Robocall,,,1,,
+19257263997,Robocall,,,1,,
+19254598613,Robocall,,,1,,
+18606305257,Robocall,,,1,,
+17745869429,Robocall,,,1,,
+12899025885,Robocall,,,1,,
+16363224072,Robocall,,,1,,
+12897778983,Robocall,,,1,,
+14167915953,Robocall,,,1,,
+15302044534,Robocall,,,1,,
+19082979211,Robocall,,,1,,
+18668822530,Robocall,,,1,,
+18106425005,Robocall,,,1,,
+18163988195,Robocall,,,1,,
+12264770918,Robocall,,,1,,
+16468286876,Robocall,,,1,,
+13469995715,Robocall,,,1,,
+15874243860,Robocall,,,1,,
+15487620562,Robocall,,,1,,
+19317284545,Robocall,,,1,,
+18575772443,Robocall,,,1,,
+12263369818,Robocall,,,1,,
+18777320149,Robocall,,,1,,
+18887406918,Robocall,,,1,,
+18605105704,Robocall,,,1,,
+15407098261,Robocall,,,1,,
+17207189173,Robocall,,,1,,
+18609012625,Robocall,,,1,,
+18308679901,Robocall,,,1,,
+15108384163,Robocall,,,1,,
+15815807009,Robocall,,,1,,
+19166473790,Robocall,,,1,,
+19182717973,Robocall,,,1,,
+15039142695,Robocall,,,1,,
+15599344583,Robocall,,,1,,
+15627456830,Robocall,,,1,,
+19282545780,Robocall,,,1,,
+18335548158,Robocall,,,1,,
+12244106975,Robocall,,,1,,
+13044288900,Robocall,,,1,,
+14323094171,Robocall,,,1,,
+16012101245,Robocall,,,1,,
+14082109191,Robocall,,,1,,
+16614982145,Robocall,,,1,,
+16152376365,Robocall,,,1,,
+17172201135,Robocall,,,1,,
+19403534187,Robocall,,,1,,
+18447103140,Robocall,,,1,,
+14347773396,Robocall,,,1,,
+17854856062,Robocall,,,1,,
+14023682597,Robocall,,,1,,
+16393205516,Robocall,,,1,,
+14798998147,Robocall,,,1,,
+17743368758,Robocall,,,1,,
+14056489649,Robocall,,,1,,
+13035860152,Robocall,,,1,,
+14234559247,Robocall,,,1,,
+14022197690,Robocall,,,1,,
+19258923607,Robocall,,,1,,
+12246810835,Robocall,,,1,,
+18606408037,Robocall,,,1,,
+13853716256,Robocall,,,1,,
+12485622995,Robocall,,,1,,
+19152680722,Robocall,,,1,,
+16263133904,Robocall,,,1,,
+18442917317,Robocall,,,1,,
+18605913083,Robocall,,,1,,
+18777103793,Robocall,,,1,,
+16893309017,Robocall,,,1,,
+14027483017,Robocall,,,1,,
+12133360230,Robocall,,,1,,
+18334271894,Robocall,,,1,,
+17069099412,Robocall,,,1,,
+19399023457,Robocall,,,1,,
+14705244938,Robocall,,,1,,
+17806910498,Robocall,,,1,,
+18606984773,Robocall,,,1,,
+13866593935,Robocall,,,1,,
+18889808728,Robocall,,,1,,
+13083710165,Robocall,,,1,,
+15629553447,Robocall,,,1,,
+16055666923,Robocall,,,1,,
+18339966031,Robocall,,,1,,
+17757799906,Robocall,,,1,,
+13239179243,Robocall,,,1,,
+15017436111,Robocall,,,1,,
+13475473307,Robocall,,,1,,
+12533545697,Robocall,,,1,,
+18777104027,Robocall,,,1,,
+19292766537,Robocall,,,1,,
+18888465081,Robocall,,,1,,
+17077794206,Robocall,,,1,,
+12344650269,Robocall,,,1,,
+15159886660,Robocall,,,1,,
+15014711338,Robocall,,,1,,
+13034653286,Robocall,,,1,,
+17249205944,Robocall,,,1,,
+15028000566,Robocall,,,1,,
+18443812871,Robocall,,,1,,
+18575771166,Robocall,,,1,,
+15186179770,Robocall,,,1,,
+14195939452,Robocall,,,1,,
+13022875641,Robocall,,,1,,
+19283522926,Robocall,,,1,,
+14013996413,Robocall,,,1,,
+18778842292,Robocall,,,1,,
+13036044500,Robocall,,,1,,
+15055853639,Robocall,,,1,,
+17405203731,Robocall,,,1,,
+18008882581,Robocall,,,1,,
+18559192157,Robocall,,,1,,
+19193012340,Robocall,,,1,,
+16502155671,Robocall,,,1,,
+17402012806,Robocall,,,1,,
+13235094350,Robocall,,,1,,
+12183219609,Robocall,,,1,,
+16413160154,Robocall,,,1,,
+17817633421,Robocall,,,1,,
+18338165527,Robocall,,,1,,
+13029273338,Robocall,,,1,,
+13192899816,Robocall,,,1,,
+17402922969,Robocall,,,1,,
+12894126419,Robocall,,,1,,
+17029816970,Robocall,,,1,,
+18392189662,Robocall,,,1,,
+17605098760,Robocall,,,1,,
+15052951375,Robocall,,,1,,
+17432868431,Robocall,,,1,,
+12312378922,Robocall,,,1,,
+18557494546,Robocall,,,1,,
+17744358476,Robocall,,,1,,
+14144379635,Robocall,,,1,,
+15066992277,Robocall,,,1,,
+18444541732,Robocall,,,1,,
+18882428801,Robocall,,,1,,
+19809875467,Robocall,,,1,,
+17052991505,Robocall,,,1,,
+13133806764,Robocall,,,1,,
+13292138271,Robocall,,,1,,
+18184793373,Robocall,,,1,,
+18888440777,Robocall,,,1,,
+19804442385,Robocall,,,1,,
+19292766379,Robocall,,,1,,
+18559832037,Robocall,,,1,,
+17162818188,Robocall,,,1,,
+18186263958,Robocall,,,1,,
+18668470480,Robocall,,,1,,
+15052010833,Robocall,,,1,,
+18773444365,Robocall,,,1,,
+12366889957,Robocall,,,1,,
+17472976178,Robocall,,,1,,
+12317292196,Robocall,,,1,,
+16412288550,Robocall,,,1,,
+19434684708,Robocall,,,1,,
+15025132511,Robocall,,,1,,
+18702985199,Robocall,,,1,,
+12164122756,Robocall,,,1,,
+16265964401,Robocall,,,1,,
+12157401255,Robocall,,,1,,
+14136011674,Robocall,,,1,,
+19024524177,Robocall,,,1,,
+12566999135,Robocall,,,1,,
+16185371973,Robocall,,,1,,
+12394216105,Robocall,,,1,,
+17097200374,Robocall,,,1,,
+18888470480,Robocall,,,1,,
+19012510848,Robocall,,,1,,
+12623368941,Robocall,,,1,,
+18779572897,Robocall,,,1,,
+17243649218,Robocall,,,1,,
+18663882848,Robocall,,,1,,
+18559205620,Robocall,,,1,,
+16783034614,Robocall,,,1,,
+13102264123,Robocall,,,1,,
+16125200098,Robocall,,,1,,
+16462211452,Robocall,,,1,,
+18334144747,Robocall,,,1,,
+14702932079,Robocall,,,1,,
+19286917102,Robocall,,,1,,
+18884320471,Robocall,,,1,,
+17432867014,Robocall,,,1,,
+13864341571,Robocall,,,1,,
+19059846917,Robocall,,,1,,
+12319075434,Robocall,,,1,,
+13102949757,Robocall,,,1,,
+18555802692,Robocall,,,1,,
+13036799287,Robocall,,,1,,
+18459693764,Robocall,,,1,,
+18773921763,Robocall,,,1,,
+13036218660,Robocall,,,1,,
+14702938252,Robocall,,,1,,
+19167670547,Robocall,,,1,,
+18335482371,Robocall,,,1,,
+16203746509,Robocall,,,1,,
+13232306377,Robocall,,,1,,
+16027891619,Robocall,,,1,,
+13528511775,Robocall,,,1,,
+13802548487,Robocall,,,1,,
+18776122298,Robocall,,,1,,
+18339137822,Robocall,,,1,,
+18044651954,Robocall,,,1,,
+18057169865,Robocall,,,1,,
+18739969357,Robocall,,,1,,
+18668993791,Robocall,,,1,,
+18102733230,Robocall,,,1,,
+18555692094,Robocall,,,1,,
+18883175746,Robocall,,,1,,
+16412222505,Robocall,,,1,,
+17273171751,Robocall,,,1,,
+17152574932,Robocall,,,1,,
+18107715156,Robocall,,,1,,
+18885855630,Robocall,,,1,,
+17075909746,Robocall,,,1,,
+18052974431,Robocall,,,1,,
+19194299378,Robocall,,,1,,
+13186168903,Robocall,,,1,,
+13804000991,Robocall,,,1,,
+13036577640,Robocall,,,1,,
+12318756541,Robocall,,,1,,
+18773912501,Robocall,,,1,,
+18889187054,Robocall,,,1,,
+12547200373,Robocall,,,1,,
+18779610349,Robocall,,,1,,
+18317771713,Robocall,,,1,,
+14196006590,Robocall,,,1,,
+16128087046,Robocall,,,1,,
+18667713298,Robocall,,,1,,
+17205435142,Robocall,,,1,,
+13186790369,Robocall,,,1,,
+18883976905,Robocall,,,1,,
+15014082688,Robocall,,,1,,
+19289180753,Robocall,,,1,,
+19407773321,Robocall,,,1,,
+14807904006,Robocall,,,1,,
+18045529919,Robocall,,,1,,
+18667715756,Robocall,,,1,,
+18559242885,Robocall,,,1,,
+19286139590,Robocall,,,1,,
+18137086719,Robocall,,,1,,
+19432322575,Robocall,,,1,,
+18622762945,Robocall,,,1,,
+13374441134,Robocall,,,1,,
+18333507367,Robocall,,,1,,
+16026727224,Robocall,,,1,,
+14357333892,Robocall,,,1,,
+17077855948,Robocall,,,1,,
+16098320232,Robocall,,,1,,
+17077791955,Robocall,,,1,,
+18559940124,Robocall,,,1,,
+13186162903,Robocall,,,1,,
+19549064282,Robocall,,,1,,
+15626879473,Robocall,,,1,,
+14123055791,Robocall,,,1,,
+16104959425,Robocall,,,1,,
+17744499214,Robocall,,,1,,
+15064552019,Robocall,,,1,,
+15158422575,Robocall,,,1,,
+17859175089,Robocall,,,1,,
+16816871053,Robocall,,,1,,
+18392957408,Robocall,,,1,,
+19379552970,Robocall,,,1,,
+19852374295,Robocall,,,1,,
+17854020976,Robocall,,,1,,
+15805017652,Robocall,,,1,,
+16672028089,Robocall,,,1,,
+18564718439,Robocall,,,1,,
+15614413624,Robocall,,,1,,
+14697841595,Robocall,,,1,,
+17855143864,Robocall,,,1,,
+17073080991,Robocall,,,1,,
+18667715653,Robocall,,,1,,
+19735288030,Robocall,,,1,,
+12254796769,Robocall,,,1,,
+17853809989,Robocall,,,1,,
+18329520636,Robocall,,,1,,
+13183664572,Robocall,,,1,,
+17077835188,Robocall,,,1,,
+17076224491,Robocall,,,1,,
+17374978261,Robocall,,,1,,
+17856735551,Robocall,,,1,,
+19034476753,Robocall,,,1,,
+15626493967,Robocall,,,1,,
+17857386516,Robocall,,,1,,
+18559242112,Robocall,,,1,,
+17727103814,Robocall,,,1,,
+18459406623,Robocall,,,1,,
+17855140945,Robocall,,,1,,
+14354411047,Robocall,,,1,,
+17322278875,Robocall,,,1,,
+17855302146,Robocall,,,1,,
+18339420595,Robocall,,,1,,
+14052659453,Robocall,,,1,,
+18883345890,Robocall,,,1,,
+18564023305,Robocall,,,1,,
+14255724180,Robocall,,,1,,
+13182172782,Robocall,,,1,,
+18102733155,Robocall,,,1,,
+17078358030,Robocall,,,1,,
+14056659830,Robocall,,,1,,
+16506620105,Robocall,,,1,,
+18335413470,Robocall,,,1,,
+17276588859,Robocall,,,1,,
+19257263861,Robocall,,,1,,
+18727999382,Robocall,,,1,,
+17852324300,Robocall,,,1,,
+12315279643,Robocall,,,1,,
+19498056950,Robocall,,,1,,
+19033859960,Robocall,,,1,,
+15158422239,Robocall,,,1,,
+18563829566,Robocall,,,1,,
+17865418498,Robocall,,,1,,
+17858769612,Robocall,,,1,,
+17602578988,Robocall,,,1,,
+12693502698,Robocall,,,1,,
+13368649460,Robocall,,,1,,
+18883140853,Robocall,,,1,,
+18447671173,Robocall,,,1,,
+14052568153,Robocall,,,1,,
+16313503516,Robocall,,,1,,
+14012053560,Robocall,,,1,,
+18663233155,Robocall,,,1,,
+13365657207,Robocall,,,1,,
+14144374765,Robocall,,,1,,
+14049985890,Robocall,,,1,,
+15804404082,Robocall,,,1,,
+15208122058,Robocall,,,1,,
+14072162269,Robocall,,,1,,
+17079799748,Robocall,,,1,,
+13239405731,Robocall,,,1,,
+18888464049,Robocall,,,1,,
+15126777148,Robocall,,,1,,
+13524368983,Robocall,,,1,,
+15133427273,Robocall,,,1,,
+13462728036,Robocall,,,1,,
+14072881849,Robocall,,,1,,
+15406506992,Robocall,,,1,,
+19592337178,Robocall,,,1,,
+15302142671,Robocall,,,1,,
+18056734829,Robocall,,,1,,
+14302418250,Robocall,,,1,,
+15024625535,Robocall,,,1,,
+18137101650,Robocall,,,1,,
+15205431253,Robocall,,,1,,
+18582274267,Robocall,,,1,,
+13214564281,Robocall,,,1,,
+12484794114,Robocall,,,1,,
+15618230660,Robocall,,,1,,
+13074498089,Robocall,,,1,,
+18106346680,Robocall,,,1,,
+13072927286,Robocall,,,1,,
+17135652684,Robocall,,,1,,
+13378523771,Robocall,,,1,,
+16502155634,Robocall,,,1,,
+19044909651,Robocall,,,1,,
+17713335298,Robocall,,,1,,
+18662693271,Robocall,,,1,,
+16028370064,Robocall,,,1,,
+18303567907,Robocall,,,1,,
+18638212489,Robocall,,,1,,
+12393567981,Robocall,,,1,,
+15178003105,Robocall,,,1,,
+16364961260,Robocall,,,1,,
+13187611920,Robocall,,,1,,
+17144512612,Robocall,,,1,,
+16206089139,Robocall,,,1,,
+14244598116,Robocall,,,1,,
+19782338867,Robocall,,,1,,
+15104634739,Robocall,,,1,,
+16207143042,Robocall,,,1,,
+15134134159,Robocall,,,1,,
+15625743803,Robocall,,,1,,
+12522099108,Robocall,,,1,,
+15855718966,Robocall,,,1,,
+19782380592,Robocall,,,1,,
+18663205528,Robocall,,,1,,
+13235933644,Robocall,,,1,,
+14053201613,Robocall,,,1,,
+17047559185,Robocall,,,1,,
+15127640194,Robocall,,,1,,
+13363965238,Robocall,,,1,,
+18058311769,Robocall,,,1,,
+15013462413,Robocall,,,1,,
+18334759203,Robocall,,,1,,
+18447241127,Robocall,,,1,,
+14698483471,Robocall,,,1,,
+18186176520,Robocall,,,1,,
+15177902905,Robocall,,,1,,
+17578157805,Robocall,,,1,,
+14012576171,Robocall,,,1,,
+16284886270,Robocall,,,1,,
+18054949850,Robocall,,,1,,
+13214558163,Robocall,,,1,,
+18653810079,Robocall,,,1,,
+17077836640,Robocall,,,1,,
+18553414446,Robocall,,,1,,
+18053653323,Robocall,,,1,,
+12099637654,Robocall,,,1,,
+18108277324,Robocall,,,1,,
+15624785211,Robocall,,,1,,
+18333789208,Robocall,,,1,,
+17722053325,Robocall,,,1,,
+15625485125,Robocall,,,1,,
+17602830869,Robocall,,,1,,
+13123739370,Robocall,,,1,,
+18334694856,Robocall,,,1,,
+15175942502,Robocall,,,1,,
+17315043145,Robocall,,,1,,
+18722176315,Robocall,,,1,,
+18332739717,Robocall,,,1,,
+18776062194,Robocall,,,1,,
+18447103186,Robocall,,,1,,
+12063959233,Robocall,,,1,,
+13322789265,Robocall,,,1,,
+19498832393,Robocall,,,1,,
+12232332253,Robocall,,,1,,
+18332180512,Robocall,,,1,,
+15732458374,Robocall,,,1,,
+17869410015,Robocall,,,1,,
+12023356185,Robocall,,,1,,
+18889268088,Robocall,,,1,,
+15625040957,Robocall,,,1,,
+18382831914,Robocall,,,1,,
+18553302507,Robocall,,,1,,
+18108813765,Robocall,,,1,,
+14846421353,Robocall,,,1,,
+18574072873,Robocall,,,1,,
+18773690847,Robocall,,,1,,
+12602796153,Robocall,,,1,,
+14088830950,Robocall,,,1,,
+12792947719,Robocall,,,1,,
+18446452904,Robocall,,,1,,
+12534588698,Robocall,,,1,,
+19019790348,Robocall,,,1,,
+18777320346,Robocall,,,1,,
+18555669199,Robocall,,,1,,
+18552863516,Robocall,,,1,,
+18106419481,Robocall,,,1,,
+13128547376,Robocall,,,1,,
+14699021975,Robocall,,,1,,
+18332548718,Robocall,,,1,,
+15103720438,Robocall,,,1,,
+15103124790,Robocall,,,1,,
+13613971313,Robocall,,,1,,
+18339235247,Robocall,,,1,,
+18666268973,Robocall,,,1,,
+18657456004,Robocall,,,1,,
+18665485506,Robocall,,,1,,
+17205529498,Robocall,,,1,,
+13312020701,Robocall,,,1,,
+18554299622,Robocall,,,1,,
+15189832074,Robocall,,,1,,
+17402174149,Robocall,,,1,,
+16575667101,Robocall,,,1,,
+18663794343,Robocall,,,1,,
+18332945090,Robocall,,,1,,
+16265095625,Robocall,,,1,,
+18103313001,Robocall,,,1,,
+18446479072,Robocall,,,1,,
+17179737621,Robocall,,,1,,
+16463890910,Robocall,,,1,,
+18339098162,Robocall,,,1,,
+15166009919,Robocall,,,1,,
+12692221527,Robocall,,,1,,
+16096309668,Robocall,,,1,,
+12064863192,Robocall,,,1,,
+18104208827,Robocall,,,1,,
+18723591374,Robocall,,,1,,
+17739749387,Robocall,,,1,,
+18557202418,Robocall,,,1,,
+18335053624,Robocall,,,1,,
+18663931526,Robocall,,,1,,
+12693502708,Robocall,,,1,,
+19252176396,Robocall,,,1,,
+14248429091,Robocall,,,1,,
+16284681663,Robocall,,,1,,
+12098681830,Robocall,,,1,,
+14065014493,Robocall,,,1,,
+18662781469,Robocall,,,1,,
+14783519023,Robocall,,,1,,
+17082314285,Robocall,,,1,,
+18337672511,Robocall,,,1,,
+14242228493,Robocall,,,1,,
+15103984510,Robocall,,,1,,
+18339861643,Robocall,,,1,,
+18572992848,Robocall,,,1,,
+18155678443,Robocall,,,1,,
+18663875343,Robocall,,,1,,
+16507478968,Robocall,,,1,,
+18735710025,Robocall,,,1,,
+19088339201,Robocall,,,1,,
+19095001354,Robocall,,,1,,
+15108798000,Robocall,,,1,,
+13526499562,Robocall,,,1,,
+14157355131,Robocall,,,1,,
+17343557672,Robocall,,,1,,
+15302033436,Robocall,,,1,,
+18053089735,Robocall,,,1,,
+15715908103,Robocall,,,1,,
+14787791202,Robocall,,,1,,
+12295152666,Robocall,,,1,,
+18075326302,Robocall,,,1,,
+18043758965,Robocall,,,1,,
+18572278888,Robocall,,,1,,
+19255028682,Robocall,,,1,,
+19252151841,Robocall,,,1,,
+16198302412,Robocall,,,1,,
+14696893526,Robocall,,,1,,
+17624380315,Robocall,,,1,,
+12515021693,Robocall,,,1,,
+18454224703,Robocall,,,1,,
+19034219269,Robocall,,,1,,
+15733527882,Robocall,,,1,,
+13613971742,Robocall,,,1,,
+13412267486,Robocall,,,1,,
+13129403369,Robocall,,,1,,
+18556702780,Robocall,,,1,,
+18022003297,Robocall,,,1,,
+12139032308,Robocall,,,1,,
+13199009812,Robocall,,,1,,
+16616241809,Robocall,,,1,,
+19529006473,Robocall,,,1,,
+16693228730,Robocall,,,1,,
+13124655866,Robocall,,,1,,
+17087402548,Robocall,,,1,,
+15024699279,Robocall,,,1,,
+12255474138,Robocall,,,1,,
+14055666775,Robocall,,,1,,
+16804999638,Robocall,,,1,,
+18663424539,Robocall,,,1,,
+17738325593,Robocall,,,1,,
+15026610229,Robocall,,,1,,
+15025132039,Robocall,,,1,,
+15023583129,Robocall,,,1,,
+18883398654,Robocall,,,1,,
+14243207890,Robocall,,,1,,
+15105448556,Robocall,,,1,,
+15025132004,Robocall,,,1,,
+18583512515,Robocall,,,1,,
+15023908229,Robocall,,,1,,
+17193143825,Robocall,,,1,,
+15024626030,Robocall,,,1,,
+15024824140,Robocall,,,1,,
+13126677378,Robocall,,,1,,
+18195829570,Robocall,,,1,,
+15024800108,Robocall,,,1,,
+15024800388,Robocall,,,1,,
+15024654413,Robocall,,,1,,
+15024694421,Robocall,,,1,,
+19018963948,Robocall,,,1,,
+15023349450,Robocall,,,1,,
+19493326539,Robocall,,,1,,
+12153958852,Robocall,,,1,,
+17072664615,Robocall,,,1,,
+17192233076,Robocall,,,1,,
+19432322572,Robocall,,,1,,
+15594062147,Robocall,,,1,,
+14144376974,Robocall,,,1,,
+17162027876,Robocall,,,1,,
+16783089473,Robocall,,,1,,
+17196978652,Robocall,,,1,,
+19143039871,Robocall,,,1,,
+17193143826,Robocall,,,1,,
+16266527564,Robocall,,,1,,
+19432322576,Robocall,,,1,,
+19707125679,Robocall,,,1,,
+15206412923,Robocall,,,1,,
+12136984976,Robocall,,,1,,
+18338675551,Robocall,,,1,,
+17196413233,Robocall,,,1,,
+15028620727,Robocall,,,1,,
+19797831182,Robocall,,,1,,
+17192232175,Robocall,,,1,,
+12134970062,Robocall,,,1,,
+12899406565,Robocall,,,1,,
+13375900918,Robocall,,,1,,
+17325928986,Robocall,,,1,,
+12083063623,Robocall,,,1,,
+17192120062,Robocall,,,1,,
+17199990205,Robocall,,,1,,
+18705494590,Robocall,,,1,,
+13074746533,Robocall,,,1,,
+15036473843,Robocall,,,1,,
+18336016070,Robocall,,,1,,
+14723003553,Robocall,,,1,,
+18337755900,Robocall,,,1,,
+17196011630,Robocall,,,1,,
+12146123342,Robocall,,,1,,
+17193703584,Robocall,,,1,,
+14086754656,Robocall,,,1,,
+18883129798,Robocall,,,1,,
+18663341081,Robocall,,,1,,
+12132206172,Robocall,,,1,,
+14352964793,Robocall,,,1,,
+17743368329,Robocall,,,1,,
+17199880391,Robocall,,,1,,
+17198670974,Robocall,,,1,,
+18555203118,Robocall,,,1,,
+12148947610,Robocall,,,1,,
+12165025829,Robocall,,,1,,
+18435081117,Robocall,,,1,,
+16615501169,Robocall,,,1,,
+12153263441,Robocall,,,1,,
+18336126949,Robocall,,,1,,
+14086756121,Robocall,,,1,,
+18446490735,Robocall,,,1,,
+12522219806,Robocall,,,1,,
+18052097401,Robocall,,,1,,
+18168198978,Robocall,,,1,,
+15407345672,Robocall,,,1,,
+13127453610,Robocall,,,1,,
+18057078926,Robocall,,,1,,
+15756514961,Robocall,,,1,,
+18183810115,Robocall,,,1,,
+19414308987,Robocall,,,1,,
+14313064258,Robocall,,,1,,
+18887573989,Robocall,,,1,,
+18566021260,Robocall,,,1,,
+12143038831,Robocall,,,1,,
+16135097618,Robocall,,,1,,
+12483018268,Robocall,,,1,,
+16183056655,Robocall,,,1,,
+18663424586,Robocall,,,1,,
+12497030057,Robocall,,,1,,
+18332340184,Robocall,,,1,,
+14697685318,Robocall,,,1,,
+14314876444,Robocall,,,1,,
+16156780857,Robocall,,,1,,
+14018041020,Robocall,,,1,,
+12145744506,Robocall,,,1,,
+17805043691,Robocall,,,1,,
+12054987972,Robocall,,,1,,
+19133506216,Robocall,,,1,,
+12053542804,Robocall,,,1,,
+15089521365,Robocall,,,1,,
+16398120013,Robocall,,,1,,
+14234057089,Robocall,,,1,,
+18319994818,Robocall,,,1,,
+12056610890,Robocall,,,1,,
+14698711725,Robocall,,,1,,
+12604000875,Robocall,,,1,,
+12562782529,Robocall,,,1,,
+13043079023,Robocall,,,1,,
+18307096787,Robocall,,,1,,
+16309489563,Robocall,,,1,,
+18723507321,Robocall,,,1,,
+18332956716,Robocall,,,1,,
+19013529287,Robocall,,,1,,
+16184507011,Robocall,,,1,,
+16099823075,Robocall,,,1,,
+19012963831,Robocall,,,1,,
+14723003165,Robocall,,,1,,
+14348861562,Robocall,,,1,,
+16015415701,Robocall,,,1,,
+17328137075,Robocall,,,1,,
+12703416782,Robocall,,,1,,
+17257124515,Robocall,,,1,,
+15598959686,Robocall,,,1,,
+16208790201,Robocall,,,1,,
+16184505695,Robocall,,,1,,
+17868080974,Robocall,,,1,,
+18174537881,Robocall,,,1,,
+15016156009,Robocall,,,1,,
+18173865325,Robocall,,,1,,
+17199129642,Robocall,,,1,,
+18447642363,Robocall,,,1,,
+18174896883,Robocall,,,1,,
+14704418070,Robocall,,,1,,
+13049159640,Robocall,,,1,,
+15012312947,Robocall,,,1,,
+16016569768,Robocall,,,1,,
+12282001616,Robocall,,,1,,
+18173092421,Robocall,,,1,,
+14435907851,Robocall,,,1,,
+12179007016,Robocall,,,1,,
+14033060661,Robocall,,,1,,
+16786162289,Robocall,,,1,,
+18672094962,Robocall,,,1,,
+18667717069,Robocall,,,1,,
+16203323331,Robocall,,,1,,
+18057642560,Robocall,,,1,,
+16207723699,Robocall,,,1,,
+19284027535,Robocall,,,1,,
+18172418759,Robocall,,,1,,
+16263946377,Robocall,,,1,,
+13802219575,Robocall,,,1,,
+16162076909,Robocall,,,1,,
+18558830574,Robocall,,,1,,
+18172418035,Robocall,,,1,,
+15403869485,Robocall,,,1,,
+19044257997,Robocall,,,1,,
+13146261342,Robocall,,,1,,
+18665501067,Robocall,,,1,,
+13253322352,Robocall,,,1,,
+17404663555,Robocall,,,1,,
+15016153684,Robocall,,,1,,
+16184505718,Robocall,,,1,,
+18779610391,Robocall,,,1,,
+19735449982,Robocall,,,1,,
+16182309134,Robocall,,,1,,
+18057100984,Robocall,,,1,,
+12892232341,Robocall,,,1,,
+14068127802,Robocall,,,1,,
+17199485281,Robocall,,,1,,
+19034228038,Robocall,,,1,,
+15015133684,Robocall,,,1,,
+15162262002,Robocall,,,1,,
+14013851345,Robocall,,,1,,
+18567022425,Robocall,,,1,,
+15623060068,Robocall,,,1,,
+16162077854,Robocall,,,1,,
+13512393271,Robocall,,,1,,
+18663424419,Robocall,,,1,,
+18447643056,Robocall,,,1,,
+15752990386,Robocall,,,1,,
+15704972180,Robocall,,,1,,
+18336222346,Robocall,,,1,,
+18446490118,Robocall,,,1,,
+15019991874,Robocall,,,1,,
+18663488193,Robocall,,,1,,
+16266314079,Robocall,,,1,,
+14065713699,Robocall,,,1,,
+19184253562,Robocall,,,1,,
+14387030882,Robocall,,,1,,
+18139128594,Robocall,,,1,,
+14069887677,Robocall,,,1,,
+12503854189,Robocall,,,1,,
+15109612655,Robocall,,,1,,
+13377073205,Robocall,,,1,,
+18335102934,Robocall,,,1,,
+13054047005,Robocall,,,1,,
+16189371001,Robocall,,,1,,
+15025358090,Robocall,,,1,,
+15107643182,Robocall,,,1,,
+15108718348,Robocall,,,1,,
+18623488750,Robocall,,,1,,
+18888442194,Robocall,,,1,,
+12097914417,Robocall,,,1,,
+16612152151,Robocall,,,1,,
+12208880158,Robocall,,,1,,
+18334403729,Robocall,,,1,,
+18383860896,Robocall,,,1,,
+14067409188,Robocall,,,1,,
+15108303621,Robocall,,,1,,
+18184793991,Robocall,,,1,,
+18012140712,Robocall,,,1,,
+16162078143,Robocall,,,1,,
+15108339652,Robocall,,,1,,
+13185588153,Robocall,,,1,,
+17818223068,Robocall,,,1,,
+15109734150,Robocall,,,1,,
+16162077767,Robocall,,,1,,
+18334402212,Robocall,,,1,,
+17633904044,Robocall,,,1,,
+12253100755,Robocall,,,1,,
+16512130464,Robocall,,,1,,
+19017401022,Robocall,,,1,,
+19375399459,Robocall,,,1,,
+16805293160,Robocall,,,1,,
+14034432016,Robocall,,,1,,
+18049472031,Robocall,,,1,,
+14504305662,Robocall,,,1,,
+17032607524,Robocall,,,1,,
+16162077402,Robocall,,,1,,
+12692809175,Robocall,,,1,,
+14069913612,Robocall,,,1,,
+18058373074,Robocall,,,1,,
+18883712036,Robocall,,,1,,
+15069816782,Robocall,,,1,,
+13605851415,Robocall,,,1,,
+12054248951,Robocall,,,1,,
+14343771719,Robocall,,,1,,
+16592840849,Robocall,,,1,,
+18004575362,Robocall,,,1,,
+12056389726,Robocall,,,1,,
+12056231883,Robocall,,,1,,
+19454094526,Robocall,,,1,,
+18727999233,Robocall,,,1,,
+18334950030,Robocall,,,1,,
+18057272292,Robocall,,,1,,
+14348121975,Robocall,,,1,,
+14057864452,Robocall,,,1,,
+14346025263,Robocall,,,1,,
+12146283573,Robocall,,,1,,
+18333052604,Robocall,,,1,,
+14342633272,Robocall,,,1,,
+17408523697,Robocall,,,1,,
+14025124371,Robocall,,,1,,
+12029412026,Robocall,,,1,,
+14387030852,Robocall,,,1,,
+14706871049,Robocall,,,1,,
+14054618959,Robocall,,,1,,
+18883469958,Robocall,,,1,,
+18447683221,Robocall,,,1,,
+16232852460,Robocall,,,1,,
+15152042455,Robocall,,,1,,
+14052897906,Robocall,,,1,,
+18456303146,Robocall,,,1,,
+19098087293,Robocall,,,1,,
+14027834240,Robocall,,,1,,
+18447241841,Robocall,,,1,,
+12105959362,Robocall,,,1,,
+17753695369,Robocall,,,1,,
+14345091074,Robocall,,,1,,
+14322513592,Robocall,,,1,,
+18333647642,Robocall,,,1,,
+14025998312,Robocall,,,1,,
+18262125336,Robocall,,,1,,
+17163156639,Robocall,,,1,,
+14793503595,Robocall,,,1,,
+18555502561,Robocall,,,1,,
+12392329443,Robocall,,,1,,
+12026099753,Robocall,,,1,,
+17162108422,Robocall,,,1,,
+16059934850,Robocall,,,1,,
+15642591135,Robocall,,,1,,
+14027924960,Robocall,,,1,,
+18002301284,Robocall,,,1,,
+14794292520,Robocall,,,1,,
+14027458489,Robocall,,,1,,
+12065784153,Robocall,,,1,,
+15315579997,Robocall,,,1,,
+19095428590,Robocall,,,1,,
+18444461383,Robocall,,,1,,
+14027924944,Robocall,,,1,,
+17029569617,Robocall,,,1,,
+18664410380,Robocall,,,1,,
+16562451369,Robocall,,,1,,
+17025294865,Robocall,,,1,,
+13467160030,Robocall,,,1,,
+18777103573,Robocall,,,1,,
+18884219367,Robocall,,,1,,
+18663881218,Robocall,,,1,,
+13014230518,Robocall,,,1,,
+12023451876,Robocall,,,1,,
+13855569961,Robocall,,,1,,
+19252704409,Robocall,,,1,,
+18777882531,Robocall,,,1,,
+12702959319,Robocall,,,1,,
+12295829762,Robocall,,,1,,
+18453169676,Robocall,,,1,,
+18775341267,Robocall,,,1,,
+17253344127,Robocall,,,1,,
+14437396502,Robocall,,,1,,
+17752481316,Robocall,,,1,,
+12146284088,Robocall,,,1,,
+12402802668,Robocall,,,1,,
+12255239575,Robocall,,,1,,
+18555760628,Robocall,,,1,,
+13809792800,Robocall,,,1,,
+15052331662,Robocall,,,1,,
+14177781556,Robocall,,,1,,
+17733896359,Robocall,,,1,,
+15342021085,Robocall,,,1,,
+14057044204,Robocall,,,1,,
+12742001453,Robocall,,,1,,
+19498016042,Robocall,,,1,,
+19253695547,Robocall,,,1,,
+14057848475,Robocall,,,1,,
+12027347971,Robocall,,,1,,
+18627867331,Robocall,,,1,,
+13212649755,Robocall,,,1,,
+19016697578,Robocall,,,1,,
+18663233137,Robocall,,,1,,
+16602427228,Robocall,,,1,,
+14048064811,Robocall,,,1,,
+15127689859,Robocall,,,1,,
+15125431782,Robocall,,,1,,
+18329064461,Robocall,,,1,,
+17373220599,Robocall,,,1,,
+19792322819,Robocall,,,1,,
+14379077081,Robocall,,,1,,
+16012020790,Robocall,,,1,,
+12818010712,Robocall,,,1,,
+12109723804,Robocall,,,1,,
+12232030263,Robocall,,,1,,
+18507544695,Robocall,,,1,,
+19045934590,Robocall,,,1,,
+18102018806,Robocall,,,1,,
+18663233394,Robocall,,,1,,
+14192908868,Robocall,,,1,,
+19072758303,Robocall,,,1,,
+18663233577,Robocall,,,1,,
+18776810224,Robocall,,,1,,
+16572355968,Robocall,,,1,,
+12509079545,Robocall,,,1,,
+19493684563,Robocall,,,1,,
+18005311401,Robocall,,,1,,
+18583941125,Robocall,,,1,,
+19492346017,Robocall,,,1,,
+13033955201,Robocall,,,1,,
+19106360890,Robocall,,,1,,
+12202823990,Robocall,,,1,,
+14692705757,Robocall,,,1,,
+16066446200,Robocall,,,1,,
+19738260218,Robocall,,,1,,
+19567415389,Robocall,,,1,,
+19712471145,Robocall,,,1,,
+18555503083,Robocall,,,1,,
+18885920996,Robocall,,,1,,
+16625968440,Robocall,,,1,,
+13522173477,Robocall,,,1,,
+18106426783,Robocall,,,1,,
+18887977436,Robocall,,,1,,
+19075310664,Robocall,,,1,,
+19074162222,Robocall,,,1,,
+17076041562,Robocall,,,1,,
+18435494530,Robocall,,,1,,
+17133642760,Robocall,,,1,,
+19092811315,Robocall,,,1,,
+17122868867,Robocall,,,1,,
+18889951537,Robocall,,,1,,
+18668825632,Robocall,,,1,,
+12019778110,Robocall,,,1,,
+12563289094,Robocall,,,1,,
+18334161272,Robocall,,,1,,
+12019793800,Robocall,,,1,,
+15052331656,Robocall,,,1,,
+14022030809,Robocall,,,1,,
+12017194916,Robocall,,,1,,
+12015824830,Robocall,,,1,,
+15814360817,Robocall,,,1,,
+13155679147,Robocall,,,1,,
+12016452606,Robocall,,,1,,
+13238613011,Robocall,,,1,,
+14255785252,Robocall,,,1,,
+14255785194,Robocall,,,1,,
+16616514567,Robocall,,,1,,
+12017813457,Robocall,,,1,,
+15672051852,Robocall,,,1,,
+12192642045,Robocall,,,1,,
+14406961169,Robocall,,,1,,
+13308945036,Robocall,,,1,,
+19282709032,Robocall,,,1,,
+12367881845,Robocall,,,1,,
+15168625499,Robocall,,,1,,
+17712221485,Robocall,,,1,,
+15163034836,Robocall,,,1,,
